file,line,kind,name,finisher,n_tactics,last_tactic
.lake/packages/mathlib/Mathlib/Tactic/Module.lean,156,theorem,smul_eq_eval,rfl,2,rfl
.lake/packages/mathlib/Mathlib/Order/TransfiniteIteration.lean,28,lemma,transfiniteIterate_succ,rfl,3,rfl
.lake/packages/mathlib/Mathlib/Order/DirectedInverseSystem.lean,243,theorem,piLTLim_symm_apply,rfl,2,rfl
.lake/packages/mathlib/Mathlib/Order/SupIndep.lean,287,theorem,iSupIndep_def,rfl,2,rfl
.lake/packages/mathlib/Mathlib/Order/OrdContinuous.lean,120,theorem,map_iSup,rfl,2,rfl
.lake/packages/mathlib/Mathlib/Order/OrdContinuous.lean,132,theorem,map_csSup,rfl,2,rfl
.lake/packages/mathlib/Mathlib/Order/LiminfLimsup.lean,522,theorem,cofinite.bliminf_set_eq,rfl,4,rfl
.lake/packages/mathlib/Mathlib/Order/Closure.lean,496,theorem,closureOperator_gi_self,rfl,2,rfl
.lake/packages/mathlib/Mathlib/Order/Completion.lean,204,theorem,principal_lt_iff,rfl,4,rfl
.lake/packages/mathlib/Mathlib/Order/Completion.lean,211,theorem,lt_principal_iff,rfl,5,rfl
.lake/packages/mathlib/Mathlib/Order/Concept.lean,233,theorem,ext,rfl,4,rfl
.lake/packages/mathlib/Mathlib/Order/Concept.lean,240,theorem,ext',rfl,4,rfl
.lake/packages/mathlib/Mathlib/Order/Shrink.lean,23,lemma,equivShrink_bot,rfl,4,rfl
.lake/packages/mathlib/Mathlib/Order/GameAdd.lean,113,theorem,gameAdd_iff,rfl,2,rfl
.lake/packages/mathlib/Mathlib/ModelTheory/PartialEquiv.lean,199,theorem,le_codRestrict,rfl,3,rfl
.lake/packages/mathlib/Mathlib/ModelTheory/PartialEquiv.lean,230,theorem,toEquivOfEqTop_toEmbedding,rfl,4,rfl
.lake/packages/mathlib/Mathlib/ModelTheory/Semantics.lean,35,theorem,realize_var,rfl,1,rfl
.lake/packages/mathlib/Mathlib/ModelTheory/Graph.lean,74,theorem,_root_.SimpleGraph.simpleGraphOfStructure,rfl,2,rfl
.lake/packages/mathlib/Mathlib/ModelTheory/LanguageMap.lean,92,theorem,id_comp,rfl,2,rfl
.lake/packages/mathlib/Mathlib/ModelTheory/LanguageMap.lean,97,theorem,comp_id,rfl,2,rfl
.lake/packages/mathlib/Mathlib/ModelTheory/DirectLimit.lean,336,theorem,lift_of,rfl,4,rfl
.lake/packages/mathlib/Mathlib/ModelTheory/DirectLimit.lean,444,theorem,Equiv_isup_of_apply,rfl,3,rfl
.lake/packages/mathlib/Mathlib/ModelTheory/Substructures.lean,826,theorem,domRestrict_apply,rfl,4,rfl
.lake/packages/mathlib/Mathlib/ModelTheory/Types.lean,164,theorem,mem_typeOf,rfl,1,rfl
.lake/packages/mathlib/Mathlib/ModelTheory/Definability.lean,615,theorem,termDefinable,rfl,1,rfl
.lake/packages/mathlib/Mathlib/Topology/Germ.lean,92,theorem,forall_restrictGermPredicate_iff,rfl,2,rfl
.lake/packages/mathlib/Mathlib/Topology/UnitInterval.lean,40,theorem,fract_mem,norm_num,1,"norm_num [unitInterval, Real.Icc_eq_closedBall]"
.lake/packages/mathlib/Mathlib/Topology/LocallyClosed.lean,53,theorem,coborder_eq_union_closure_compl,rfl,2,rfl
.lake/packages/mathlib/Mathlib/Topology/Clopen.lean,136,theorem,continuousOn_boolIndicator_iff_isClopen,rfl,2,rfl
.lake/packages/mathlib/Mathlib/Topology/Inseparable.lean,172,theorem,not_specializes_iff_exists_open,rfl,3,rfl
.lake/packages/mathlib/Mathlib/Topology/Inseparable.lean,177,theorem,not_specializes_iff_exists_closed,rfl,3,rfl
.lake/packages/mathlib/Mathlib/Topology/Inseparable.lean,712,theorem,lift,rfl,2,rfl
.lake/packages/mathlib/Mathlib/Topology/Inseparable.lean,732,theorem,continuousAt_lift,rfl,3,rfl
.lake/packages/mathlib/Mathlib/Topology/Constructions.lean,435,theorem,Continuous.rangeFactorization,rfl,2,rfl
.lake/packages/mathlib/Mathlib/Topology/Constructions.lean,1183,theorem,continuous_sigmaMk,rfl,2,rfl
.lake/packages/mathlib/Mathlib/Topology/Path.lean,273,theorem,extend_trans_of_half_le,linarith,4,linarith
.lake/packages/mathlib/Mathlib/Topology/Path.lean,307,theorem,map_coe,rfl,2,rfl
.lake/packages/mathlib/Mathlib/Topology/Path.lean,325,theorem,map_id,rfl,2,rfl
.lake/packages/mathlib/Mathlib/Topology/Path.lean,330,theorem,map_map,rfl,2,rfl
.lake/packages/mathlib/Mathlib/Topology/Path.lean,570,theorem,coe_reparam,rfl,2,rfl
.lake/packages/mathlib/Mathlib/Topology/DiscreteQuotient.lean,130,theorem,comap_comp,rfl,2,rfl
.lake/packages/mathlib/Mathlib/Topology/DiscreteQuotient.lean,151,theorem,ofLE_refl_apply,rfl,2,rfl
.lake/packages/mathlib/Mathlib/Topology/DiscreteQuotient.lean,226,theorem,map_continuous,rfl,2,rfl
.lake/packages/mathlib/Mathlib/Topology/DiscreteQuotient.lean,247,theorem,ofLE_map,rfl,2,rfl
.lake/packages/mathlib/Mathlib/Topology/DiscreteQuotient.lean,253,theorem,ofLE_comp_map,rfl,2,rfl
.lake/packages/mathlib/Mathlib/Topology/ContinuousOn.lean,635,theorem,isOpenMap_prod_of_discrete_left,rfl,2,rfl
.lake/packages/mathlib/Mathlib/Topology/ContinuousOn.lean,801,theorem,Topology.IsQuotientMap.continuousOn_isOpen_iff,rfl,2,rfl
.lake/packages/mathlib/Mathlib/Topology/NhdsSet.lean,18,theorem,nhdsSet_diagonal,rfl,2,rfl
.lake/packages/mathlib/Mathlib/Topology/Subpath.lean,128,lemma,concat_succ,rfl,2,rfl
.lake/packages/mathlib/Mathlib/Topology/PartitionOfUnity.lean,256,theorem,coe_single,rfl,1,rfl
.lake/packages/mathlib/Mathlib/Topology/Sequences.lean,35,theorem,isSeqClosed_of_seqClosure_eq,rfl,2,rfl
.lake/packages/mathlib/Mathlib/Topology/LocallyFinite.lean,183,theorem,LocallyFinite.sumElim,rfl,3,rfl
.lake/packages/mathlib/Mathlib/Analysis/Convolution.lean,803,theorem,convolution_precompR_apply,rfl,3,rfl
.lake/packages/mathlib/Mathlib/Analysis/Quaternion.lean,110,theorem,coe_real_complex_mul,rfl,4,rfl
.lake/packages/mathlib/Mathlib/Probability/IdentDistrib.lean,216,theorem,const_mul,rfl,3,rfl
.lake/packages/mathlib/Mathlib/Util/SleepHeartbeats.lean,24,example,example@L24,rfl,2,rfl
.lake/packages/mathlib/Mathlib/NumberTheory/ZetaValues.lean,39,theorem,bernoulliFun_one,ring,2,ring
.lake/packages/mathlib/Mathlib/NumberTheory/ZetaValues.lean,44,theorem,bernoulliFun_two,ring,2,ring
.lake/packages/mathlib/Mathlib/NumberTheory/ZetaValues.lean,174,theorem,bernoulliFun_eval_half_eq_zero,linarith,4,linarith
.lake/packages/mathlib/Mathlib/NumberTheory/Pell.lean,80,theorem,y_mk,rfl,2,rfl
.lake/packages/mathlib/Mathlib/NumberTheory/Bernoulli.lean,61,theorem,bernoulli'_one,norm_num,2,norm_num
.lake/packages/mathlib/Mathlib/NumberTheory/Bernoulli.lean,66,theorem,bernoulli'_two,norm_num,2,"norm_num [sum_range_succ, sum_range_succ, sum_range_zero]"
.lake/packages/mathlib/Mathlib/NumberTheory/Bernoulli.lean,71,theorem,bernoulli'_three,norm_num,2,"norm_num [sum_range_succ, sum_range_succ, sum_range_zero]"
.lake/packages/mathlib/Mathlib/NumberTheory/Bernoulli.lean,76,theorem,bernoulli'_four,norm_num,3,"norm_num [sum_range_succ, sum_range_succ, sum_range_zero, this]"
.lake/packages/mathlib/Mathlib/NumberTheory/CarmichaelNumber.lean,138,theorem,isCarmichael_561,norm_num,2,norm_num
.lake/packages/mathlib/Mathlib/NumberTheory/CarmichaelNumber.lean,143,theorem,isCarmichael_1105,norm_num,2,norm_num
.lake/packages/mathlib/Mathlib/NumberTheory/PrimeCounting.lean,86,lemma,primeCounting_one,decide,1,decide
.lake/packages/mathlib/Mathlib/NumberTheory/PrimeCounting.lean,108,lemma,primesBelow_one,decide,1,decide
.lake/packages/mathlib/Mathlib/NumberTheory/PrimeCounting.lean,112,lemma,primesBelow_two,decide,1,decide
.lake/packages/mathlib/Mathlib/NumberTheory/PrimeCounting.lean,245,theorem,primeCounting_add_le,omega,3,omega
.lake/packages/mathlib/Mathlib/NumberTheory/GaussSum.lean,165,lemma,gaussSum_ne_zero_of_nontrivial,rfl,4,rfl
.lake/packages/mathlib/Mathlib/NumberTheory/GaussSum.lean,191,theorem,gaussSum_frob,rfl,3,rfl
.lake/packages/mathlib/Mathlib/NumberTheory/Divisors.lean,485,theorem,prod_divisorsAntidiagonal,rfl,2,rfl
.lake/packages/mathlib/Mathlib/NumberTheory/Divisors.lean,507,theorem,image_div_divisors_eq_divisors,rfl,3,rfl
.lake/packages/mathlib/Mathlib/NumberTheory/FactorisationProperties.lean,44,theorem,not_deficient_zero,decide,1,decide
.lake/packages/mathlib/Mathlib/NumberTheory/FactorisationProperties.lean,47,theorem,deficient_one,decide,1,decide
.lake/packages/mathlib/Mathlib/NumberTheory/FactorisationProperties.lean,50,theorem,deficient_two,decide,1,decide
.lake/packages/mathlib/Mathlib/NumberTheory/FactorisationProperties.lean,53,theorem,deficient_three,decide,1,decide
.lake/packages/mathlib/Mathlib/NumberTheory/FactorisationProperties.lean,56,theorem,not_abundant_zero,decide,1,decide
.lake/packages/mathlib/Mathlib/NumberTheory/FactorisationProperties.lean,59,theorem,abundant_twelve,decide,1,decide
.lake/packages/mathlib/Mathlib/NumberTheory/FactorisationProperties.lean,62,theorem,not_weird_zero,decide,1,decide
.lake/packages/mathlib/Mathlib/NumberTheory/FactorisationProperties.lean,65,theorem,weird_seventy,decide,1,decide +kernel
.lake/packages/mathlib/Mathlib/NumberTheory/SelbergSieve.lean,136,theorem,multSum_eq_main_err,ring,2,ring
.lake/packages/mathlib/Mathlib/NumberTheory/AbelSummation.lean,154,theorem,sum_mul_eq_sub_integral_mul,ring,4,ring
.lake/packages/mathlib/Mathlib/NumberTheory/LucasLehmer.lean,380,lemma,one_add_,norm_num,2,norm_num
.lake/packages/mathlib/Mathlib/NumberTheory/LucasLehmer.lean,627,lemma,testTrueHelper,rfl,4,rfl
.lake/packages/mathlib/Mathlib/NumberTheory/Chebyshev.lean,443,theorem,theta_ge,linarith,3,"linarith [psi_ge n, psi_sub_theta_le (x := n) (mod_cast (one_le_of_lt hn))]"
.lake/packages/mathlib/Mathlib/NumberTheory/Chebyshev.lean,448,theorem,theta_ge',linarith,2,linarith [psi_sub_theta_le hx]
.lake/packages/mathlib/Mathlib/NumberTheory/PellMatiyasevic.lean,455,theorem,yn_modEq_two,ring,1,ring
.lake/packages/mathlib/Mathlib/FieldTheory/SeparableDegree.lean,192,theorem,natSepDegree_eq_zero,linarith,1,"linarith only [natSepDegree_le_natDegree f, h]"
.lake/packages/mathlib/Mathlib/FieldTheory/SeparableDegree.lean,215,theorem,natSepDegree_eq_zero_iff,rfl,4,rfl
.lake/packages/mathlib/Mathlib/FieldTheory/Perfect.lean,366,theorem,roots_expand,rfl,2,rfl
.lake/packages/mathlib/Mathlib/FieldTheory/KummerExtension.lean,32,theorem,X_pow_sub_C_eq_prod',rfl,3,rfl
.lake/packages/mathlib/Mathlib/FieldTheory/CardinalEmb.lean,123,theorem,succEquiv_coherence,rfl,2,rfl
.lake/packages/mathlib/Mathlib/FieldTheory/CardinalEmb.lean,278,theorem,cardinal_eq_two_pow_sepDegree,rfl,2,rfl
.lake/packages/mathlib/Mathlib/AlgebraicGeometry/AffineScheme.lean,390,lemma,isoSpec_inv_appTop,rfl,3,rfl
.lake/packages/mathlib/Mathlib/AlgebraicGeometry/AffineScheme.lean,744,theorem,fromSpec_primeIdealOf,rfl,3,rfl
.lake/packages/mathlib/Mathlib/AlgebraicGeometry/AffineScheme.lean,1046,lemma,toSpec,rfl,3,rfl
.lake/packages/mathlib/Mathlib/AlgebraicGeometry/AffineScheme.lean,1097,lemma,IsAffineOpen.fromSpec_preimage_zeroLocus,rfl,5,rfl
.lake/packages/mathlib/Mathlib/AlgebraicGeometry/Normalization.lean,250,lemma,normalizationObjIso_hom_val,rfl,3,rfl
.lake/packages/mathlib/Mathlib/AlgebraicGeometry/Stalk.lean,220,lemma,example@L220,rfl,2,rfl
.lake/packages/mathlib/Mathlib/AlgebraicGeometry/OpenImmersion.lean,246,theorem,app_invApp',rfl,4,rfl
.lake/packages/mathlib/Mathlib/AlgebraicGeometry/OpenImmersion.lean,271,lemma,appIso_inv_appLE,rfl,3,rfl
.lake/packages/mathlib/Mathlib/AlgebraicGeometry/Restrict.lean,63,lemma,toScheme_presheaf_map,rfl,3,rfl
.lake/packages/mathlib/Mathlib/AlgebraicGeometry/Restrict.lean,118,lemma,example@L118,rfl,2,rfl
.lake/packages/mathlib/Mathlib/AlgebraicGeometry/Restrict.lean,251,theorem,Scheme.homOfLE_apply',rfl,2,rfl
.lake/packages/mathlib/Mathlib/AlgebraicGeometry/Restrict.lean,304,lemma,Scheme.Hom.appIso_homOfLE_inv,rfl,5,rfl
.lake/packages/mathlib/Mathlib/AlgebraicGeometry/Restrict.lean,586,lemma,isPullback_opens_inf,rfl,2,rfl
.lake/packages/mathlib/Mathlib/AlgebraicGeometry/Restrict.lean,765,lemma,resLE_id,rfl,2,rfl
.lake/packages/mathlib/Mathlib/AlgebraicGeometry/Restrict.lean,811,lemma,resLE_appLE,rfl,4,rfl
.lake/packages/mathlib/Mathlib/AlgebraicGeometry/StructureSheaf.lean,547,lemma,toStalk_smul,rfl,3,rfl
.lake/packages/mathlib/Mathlib/AlgebraicGeometry/StructureSheaf.lean,562,theorem,toOpen,rfl,2,rfl
.lake/packages/mathlib/Mathlib/AlgebraicGeometry/PullbackCarrier.lean,76,lemma,tensorCongr_refl,rfl,2,rfl
.lake/packages/mathlib/Mathlib/AlgebraicGeometry/PullbackCarrier.lean,95,lemma,tensorCongr_trans_hom,rfl,2,rfl
.lake/packages/mathlib/Mathlib/AlgebraicGeometry/Gluing.lean,184,theorem,isOpen_iff,rfl,5,rfl
.lake/packages/mathlib/Mathlib/AlgebraicGeometry/Scheme.lean,162,lemma,naturality,rfl,2,rfl
.lake/packages/mathlib/Mathlib/AlgebraicGeometry/Scheme.lean,177,lemma,appLE_map',rfl,2,rfl
.lake/packages/mathlib/Mathlib/AlgebraicGeometry/Scheme.lean,355,theorem,comp_app,rfl,3,rfl
.lake/packages/mathlib/Mathlib/AlgebraicGeometry/FunctionField.lean,93,theorem,genericPoint_eq_bot_of_affine,rfl,5,rfl
.lake/packages/mathlib/Mathlib/AlgebraicGeometry/ResidueField.lean,84,lemma,basicOpen_eq_bot_iff_forall_evaluation_eq_zero,rfl,2,rfl
.lake/packages/mathlib/Mathlib/AlgebraicGeometry/ResidueField.lean,155,lemma,residueFieldCongr_refl,rfl,2,rfl
.lake/packages/mathlib/Mathlib/AlgebraicGeometry/ResidueField.lean,173,lemma,residueFieldCongr_trans_hom,rfl,2,rfl
.lake/packages/mathlib/Mathlib/AlgebraicGeometry/ResidueField.lean,226,lemma,Hom.SpecMap_residueFieldMap_fromSpecResidueField,rfl,4,rfl
.lake/packages/mathlib/Mathlib/AlgebraicGeometry/Limits.lean,319,lemma,isCompl_range_inl_inr,rfl,3,rfl
.lake/packages/mathlib/Mathlib/AlgebraicGeometry/GammaSpecAdjunction.lean,512,lemma,Spec.map_inj,rfl,2,rfl
.lake/packages/mathlib/Mathlib/RepresentationTheory/Stabilizer.lean,25,lemma,mem_stabilizer,rfl,1,rfl
.lake/packages/mathlib/Mathlib/RepresentationTheory/Coinvariants.lean,236,lemma,ofCoinvariantsTprodLeftRegular_mk_tmul_single,rfl,1,rfl
.lake/packages/mathlib/Mathlib/RepresentationTheory/Coinvariants.lean,342,theorem,coinvariantsAdjunction_homEquiv_apply_hom,rfl,1,rfl
.lake/packages/mathlib/Mathlib/RepresentationTheory/Coinvariants.lean,455,lemma,coinvariantsTensorFreeLEquiv_apply,rfl,1,rfl
.lake/packages/mathlib/Mathlib/RepresentationTheory/Basic.lean,189,lemma,single_smul,rfl,2,rfl
.lake/packages/mathlib/Mathlib/RepresentationTheory/Basic.lean,541,theorem,tprod_apply,rfl,5,rfl
.lake/packages/mathlib/Mathlib/RepresentationTheory/FiniteIndex.lean,232,lemma,coindResAdjunction_homEquiv_apply,rfl,1,rfl
.lake/packages/mathlib/Mathlib/RepresentationTheory/Action.lean,213,lemma,linearizeTrivial_def,rfl,4,rfl
.lake/packages/mathlib/Mathlib/Basic/Rel.lean,521,theorem,image_eq,rfl,1,rfl
.lake/packages/mathlib/Mathlib/CategoryTheory/Yoneda.lean,935,lemma,coyonedaEquiv_comp,rfl,1,rfl
.lake/packages/mathlib/Mathlib/CategoryTheory/Yoneda.lean,1177,lemma,Functor.sectionsEquivHom_naturality,rfl,1,rfl
.lake/packages/mathlib/Mathlib/CategoryTheory/Yoneda.lean,1182,lemma,Functor.sectionsEquivHom_naturality_symm,rfl,1,rfl
.lake/packages/mathlib/Mathlib/CategoryTheory/RepresentedBy.lean,26,lemma,IsRepresentedBy.iff_isIso_uliftYonedaEquiv,rfl,5,rfl
.lake/packages/mathlib/Mathlib/CategoryTheory/GradedObject.lean,136,theorem,eqToHom_proj,rfl,2,rfl
.lake/packages/mathlib/Mathlib/CategoryTheory/GradedObject.lean,147,theorem,comapEq_symm,rfl,2,rfl
.lake/packages/mathlib/Mathlib/CategoryTheory/GradedObject.lean,349,lemma,congr_mapMap,rfl,2,rfl
.lake/packages/mathlib/Mathlib/CategoryTheory/Opposites.lean,342,theorem,rightOp_leftOp_eq,rfl,2,rfl
.lake/packages/mathlib/Mathlib/CategoryTheory/Grothendieck.lean,112,theorem,base_eqToHom,rfl,2,rfl
.lake/packages/mathlib/Mathlib/CategoryTheory/EqToHom.lean,175,theorem,eqToIso.hom,rfl,2,rfl
.lake/packages/mathlib/Mathlib/CategoryTheory/EqToHom.lean,196,theorem,eqToHom_unop,rfl,2,rfl
.lake/packages/mathlib/Mathlib/CategoryTheory/EqToHom.lean,330,lemma,InducedCategory.eqToHom_hom,rfl,2,rfl
.lake/packages/mathlib/Mathlib/CategoryTheory/EqToHom.lean,337,lemma,ObjectProperty.eqToHom_hom,rfl,2,rfl
.lake/packages/mathlib/Mathlib/CategoryTheory/Iso.lean,182,theorem,hom_eq_inv,rfl,2,rfl
.lake/packages/mathlib/Mathlib/CategoryTheory/DifferentialObject.lean,67,theorem,ext,rfl,3,rfl
.lake/packages/mathlib/Mathlib/GroupTheory/ArchimedeanDensely.lean,261,lemma,LinearOrderedCommGroup.isCyclic_iff_not_denselyOrdered,rfl,2,rfl
.lake/packages/mathlib/Mathlib/GroupTheory/FreeAbelianGroup.lean,284,theorem,map_id,rfl,2,rfl
.lake/packages/mathlib/Mathlib/GroupTheory/FreeAbelianGroup.lean,292,theorem,map_comp,rfl,2,rfl
.lake/packages/mathlib/Mathlib/GroupTheory/DivisibleHull.lean,39,theorem,mk_zero,rfl,3,rfl
.lake/packages/mathlib/Mathlib/GroupTheory/CommutingProbability.lean,108,theorem,inv_card_commutator_le_commProb,norm_num,5,norm_num
.lake/packages/mathlib/Mathlib/GroupTheory/Exponent.lean,107,theorem,exponent_eq_zero_iff_forall,rfl,3,rfl
.lake/packages/mathlib/Mathlib/GroupTheory/Commensurable.lean,121,theorem,commensurator_mem_iff,rfl,2,rfl
.lake/packages/mathlib/Mathlib/GroupTheory/FiniteIndexNormalSubgroup.lean,126,theorem,toSubgroup_comap,rfl,1,rfl
.lake/packages/mathlib/Mathlib/GroupTheory/FiniteIndexNormalSubgroup.lean,140,theorem,comap_comp,rfl,1,rfl
.lake/packages/mathlib/Mathlib/AlgebraicTopology/AlternatingFaceMapComplex.lean,158,theorem,map_alternatingFaceMapComplex,rfl,4,rfl
.lake/packages/mathlib/Mathlib/AlgebraicTopology/AlternatingFaceMapComplex.lean,260,theorem,d_eq_unop_d,rfl,2,rfl
.lake/packages/mathlib/Mathlib/AlgebraicTopology/ExtraDegeneracy.lean,118,lemma,h_eq,rfl,2,rfl
.lake/packages/mathlib/Mathlib/RingTheory/IsTensorProduct.lean,777,lemma,IsPushout.toLinearEquiv_cancelBaseChangeAlg,rfl,1,rfl
.lake/packages/mathlib/Mathlib/RingTheory/Support.lean,40,lemma,Module.mem_support_iff',rfl,3,rfl
.lake/packages/mathlib/Mathlib/RingTheory/Multiplicity.lean,54,theorem,multiplicity_eq_of_emultiplicity_eq_some,rfl,2,rfl
.lake/packages/mathlib/Mathlib/RingTheory/Multiplicity.lean,81,theorem,emultiplicity_eq_zero_iff_multiplicity_eq_zero,decide,2,decide
.lake/packages/mathlib/Mathlib/RingTheory/AlgebraTower.lean,53,theorem,algebraMapCoeffs_repr,rfl,1,rfl
.lake/packages/mathlib/Mathlib/RingTheory/AdjoinRoot.lean,314,theorem,aeval_algHom_eq_zero,rfl,3,rfl
.lake/packages/mathlib/Mathlib/RingTheory/Discriminant.lean,113,theorem,discr_powerBasis_eq_prod',ring,3,ring
.lake/packages/mathlib/Mathlib/RingTheory/LinearDisjoint.lean,107,theorem,LinearDisjoint.symm,rfl,2,rfl
.lake/packages/mathlib/Mathlib/RingTheory/LaurentSeries.lean,903,theorem,continuous_coe',rfl,1,rfl
.lake/packages/mathlib/Mathlib/RingTheory/LaurentSeries.lean,948,lemma,LaurentSeriesRingEquiv_def,rfl,3,rfl
.lake/packages/mathlib/Mathlib/Combinatorics/Schnirelmann.lean,123,lemma,schnirelmannDensity_sdiff_singleton_zero,linarith,3,linarith
.lake/packages/mathlib/Mathlib/LinearAlgebra/CrossProduct.lean,58,theorem,dot_self_cross,ring,3,ring
.lake/packages/mathlib/Mathlib/LinearAlgebra/CrossProduct.lean,69,theorem,triple_product_permutation,ring,3,ring
.lake/packages/mathlib/Mathlib/LinearAlgebra/CrossProduct.lean,76,theorem,triple_product_eq_det,ring,3,ring
.lake/packages/mathlib/Mathlib/LinearAlgebra/CrossProduct.lean,82,theorem,cross_dot_cross,ring,3,ring
.lake/packages/mathlib/Mathlib/LinearAlgebra/Pi.lean,311,theorem,single_eq_pi_diag,rfl,3,rfl
.lake/packages/mathlib/Mathlib/LinearAlgebra/Lagrange.lean,504,theorem,nodal_eq,rfl,1,rfl
.lake/packages/mathlib/Mathlib/LinearAlgebra/Vandermonde.lean,58,theorem,vandermonde_succ,rfl,2,rfl
.lake/packages/mathlib/Mathlib/LinearAlgebra/SpecialLinearGroup.lean,240,theorem,congr_linearEquiv_coe_apply,rfl,1,rfl
.lake/packages/mathlib/Mathlib/LinearAlgebra/SpecialLinearGroup.lean,257,theorem,congr_linearEquiv_refl,rfl,1,rfl
.lake/packages/mathlib/Mathlib/LinearAlgebra/Determinant.lean,100,theorem,detAux_def',rfl,3,rfl
.lake/packages/mathlib/Mathlib/LinearAlgebra/Determinant.lean,117,theorem,detAux_comp,rfl,5,rfl
.lake/packages/mathlib/Mathlib/LinearAlgebra/Determinant.lean,475,theorem,LinearEquiv.coe_ofIsUnitDet,rfl,2,rfl
.lake/packages/mathlib/Mathlib/LinearAlgebra/Determinant.lean,682,theorem,Pi.basisFun_det_apply,rfl,2,rfl
.lake/packages/mathlib/Mathlib/LinearAlgebra/Semisimple.lean,35,lemma,isSemisimple_iff',rfl,3,rfl
.lake/packages/mathlib/Mathlib/Data/Subtype.lean,93,theorem,restrict_apply,rfl,1,rfl
.lake/packages/mathlib/Mathlib/Data/Part.lean,238,theorem,toOption_eq_none_iff,rfl,5,rfl
.lake/packages/mathlib/Mathlib/Data/PFun.lean,237,theorem,fixInduction_spec,rfl,4,rfl
.lake/packages/mathlib/Mathlib/Data/Finmap.lean,113,theorem,liftOn_toFinmap,rfl,2,rfl
.lake/packages/mathlib/Mathlib/Data/Finmap.lean,377,theorem,keys_erase,rfl,3,rfl
.lake/packages/mathlib/Mathlib/Control/LawfulFix.lean,132,theorem,fix_eq_,rfl,2,rfl
.lake/packages/mathlib/Mathlib/Control/LawfulFix.lean,235,theorem,uncurry_curry_,rfl,3,rfl
.lake/packages/mathlib/Mathlib/Control/Basic.lean,42,theorem,pure_id'_seq,rfl,4,rfl
.lake/packages/mathlib/Mathlib/Control/Basic.lean,202,theorem,CommApplicative.commutative_map,rfl,5,rfl
.lake/packages/mathlib/Mathlib/Control/Fold.lean,184,theorem,foldl.ofFreeMonoid_comp_of,rfl,5,rfl
.lake/packages/mathlib/Mathlib/Computability/ContextFreeGrammar.lean,116,lemma,mem_language_iff,rfl,1,rfl
.lake/packages/mathlib/Mathlib/Computability/NFA.lean,119,theorem,mem_acceptsFrom,rfl,1,rfl
.lake/packages/mathlib/Mathlib/Computability/NFA.lean,215,theorem,mem_accepts,rfl,1,rfl
.lake/packages/mathlib/Mathlib/Computability/EpsilonNFA.lean,322,theorem,to,rfl,2,rfl
.lake/packages/mathlib/Mathlib/Algebra/QuaternionBasis.lean,78,theorem,j_mul_k,rfl,2,rfl
.lake/packages/mathlib/Mathlib/Algebra/Quaternion.lean,454,theorem,coe_linearEquivTuple_symm,norm_num,2,norm_num
.lake/packages/mathlib/Mathlib/Algebra/Quaternion.lean,1125,theorem,normSq_zpow,ring,3,ring
.lake/packages/mathlib/Mathlib/Algebra/RingQuot.lean,365,theorem,lift_mkRingHom_apply,rfl,2,rfl
.lake/packages/mathlib/Mathlib/Algebra/RingQuot.lean,376,theorem,eq_lift_comp_mkRingHom,rfl,2,rfl
.lake/packages/mathlib/Mathlib/Algebra/RingQuot.lean,442,theorem,mkAlgHom_coe,rfl,2,rfl
.lake/packages/mathlib/Mathlib/Algebra/RingQuot.lean,505,theorem,liftAlgHom_mkAlgHom_apply,rfl,2,rfl
.lake/packages/mathlib/Mathlib/Algebra/Quandle.lean,95,theorem,act'_apply,rfl,4,rfl
.lake/packages/mathlib/Mathlib/Algebra/Quandle.lean,120,theorem,left_cancel_inv,rfl,4,rfl
.lake/packages/mathlib/Mathlib/Algebra/FreeAlgebra.lean,335,theorem,liftAux_eq,rfl,2,rfl
.lake/packages/mathlib/Mathlib/Algebra/FreeAlgebra.lean,340,theorem,lift_symm_apply,rfl,2,rfl
.lake/packages/mathlib/Mathlib/Algebra/FreeAlgebra.lean,347,theorem,example@L347,rfl,3,rfl
.lake/packages/mathlib/Mathlib/Algebra/FreeAlgebra.lean,353,theorem,lift_,rfl,2,rfl
.lake/packages/mathlib/Mathlib/Algebra/FreeAlgebra.lean,358,theorem,lift_unique,rfl,2,rfl
.lake/packages/mathlib/Mathlib/Tactic/NormNum/PowMod.lean,43,theorem,natPow_zero_natMod_succ_succ,rfl,1,rfl
.lake/packages/mathlib/Mathlib/Tactic/NormNum/Abs.lean,16,theorem,isNat_abs_nonneg,rfl,3,rfl
.lake/packages/mathlib/Mathlib/Tactic/Ring/Basic.lean,252,lemma,smul_eq_mul,rfl,2,rfl
.lake/packages/mathlib/Mathlib/Tactic/Algebra/Lemmas.lean,154,theorem,add_eq_of_eq_eq,rfl,2,rfl
.lake/packages/mathlib/Mathlib/Tactic/Algebra/Lemmas.lean,162,theorem,eq_trans_trans,rfl,2,rfl
.lake/packages/mathlib/Mathlib/Tactic/ComputeAsymptotics/Multiseries/Basic.lean,117,theorem,one_toFun,rfl,2,rfl
.lake/packages/mathlib/Mathlib/Tactic/ComputeAsymptotics/Multiseries/Defs.lean,352,theorem,destruct_eq_cons,rfl,3,rfl
.lake/packages/mathlib/Mathlib/Tactic/ComputeAsymptotics/Multiseries/Defs.lean,403,theorem,map_id,rfl,2,rfl
.lake/packages/mathlib/Mathlib/Tactic/ComputeAsymptotics/Multiseries/Defs.lean,587,theorem,leadingExp_def,rfl,1,rfl
.lake/packages/mathlib/Mathlib/Tactic/ComputeAsymptotics/Multiseries/Defs.lean,844,theorem,nil_tendsto_zero,rfl,1,rfl
.lake/packages/mathlib/Mathlib/Tactic/ComputeAsymptotics/Multiseries/Majorized.lean,101,theorem,mul_bounded,rfl,4,rfl
.lake/packages/mathlib/Mathlib/Tactic/ComputeAsymptotics/Multiseries/Corecursion.lean,258,theorem,FriendlyOperation.cons,linarith,3,linarith [dist_nonneg (x := x) (y := y)]
.lake/packages/mathlib/Mathlib/Tactic/ComputeAsymptotics/Multiseries/Corecursion.lean,337,theorem,FriendlyOperation.op_head_eq,rfl,4,rfl
.lake/packages/mathlib/Mathlib/Tactic/ComputeAsymptotics/Multiseries/Monomial/Basic.lean,360,theorem,cons_toFun,ring,3,ring
.lake/packages/mathlib/Mathlib/Tactic/ComputeAsymptotics/Multiseries/Monomial/Basic.lean,398,theorem,mul_toFun,ring,5,ring
.lake/packages/mathlib/Mathlib/Tactic/ComputeAsymptotics/Multiseries/Monomial/Basic.lean,407,theorem,smul_toFun,ring,3,ring
.lake/packages/mathlib/Mathlib/Tactic/ComputeAsymptotics/Multiseries/Monomial/Basic.lean,413,theorem,inv_toFun,ring,5,ring
.lake/packages/mathlib/Mathlib/Order/Bounds/Image.lean,364,lemma,bddAbove_pi,rfl,2,rfl
.lake/packages/mathlib/Mathlib/Order/Bounds/Basic.lean,259,theorem,IsLUB.upperBounds_eq,rfl,2,rfl
.lake/packages/mathlib/Mathlib/Order/Hom/Basic.lean,273,theorem,comp_mono,rfl,2,rfl
.lake/packages/mathlib/Mathlib/Order/Hom/Basic.lean,290,theorem,id_comp,rfl,2,rfl
.lake/packages/mathlib/Mathlib/Order/Hom/Basic.lean,351,theorem,fst_prod_snd,rfl,2,rfl
.lake/packages/mathlib/Mathlib/Order/Hom/Basic.lean,505,theorem,coe_id,rfl,2,rfl
.lake/packages/mathlib/Mathlib/Order/Hom/Basic.lean,526,theorem,comp_id,rfl,2,rfl
.lake/packages/mathlib/Mathlib/Order/Hom/Basic.lean,786,theorem,coe_toEquiv,rfl,2,rfl
.lake/packages/mathlib/Mathlib/Order/Hom/Basic.lean,810,theorem,trans_refl,rfl,2,rfl
.lake/packages/mathlib/Mathlib/Order/Hom/WithTopBot.lean,92,theorem,subtypeOrderIso_apply_coe,rfl,2,rfl
.lake/packages/mathlib/Mathlib/Order/UpperLower/CompleteLattice.lean,342,theorem,mem_map,rfl,2,rfl
.lake/packages/mathlib/Mathlib/Order/Interval/Basic.lean,517,theorem,coe_inf,rfl,3,rfl
.lake/packages/mathlib/Mathlib/Order/Interval/Multiset.lean,145,theorem,right_mem_Icc,rfl,2,rfl
.lake/packages/mathlib/Mathlib/Order/Interval/Multiset.lean,172,theorem,Ico_filter_lt_of_le_right,rfl,2,rfl
.lake/packages/mathlib/Mathlib/Order/Interval/Multiset.lean,181,theorem,Ico_filter_le_of_right_le,rfl,2,rfl
.lake/packages/mathlib/Mathlib/Order/Interval/Multiset.lean,186,theorem,Ico_filter_le_of_left_le,rfl,2,rfl
.lake/packages/mathlib/Mathlib/Order/Interval/Multiset.lean,198,theorem,Icc_self,rfl,3,rfl
.lake/packages/mathlib/Mathlib/Order/Interval/Multiset.lean,205,theorem,Ioo_cons_left,rfl,3,rfl
.lake/packages/mathlib/Mathlib/Order/Interval/Multiset.lean,210,theorem,Ico_disjoint_Ico,rfl,2,rfl
.lake/packages/mathlib/Mathlib/Order/BoundedOrder/Basic.lean,259,theorem,bot_apply,rfl,1,rfl
.lake/packages/mathlib/Mathlib/Order/ConditionallyCompleteLattice/Indexed.lean,274,theorem,le_ciSup_ciSup_eq_left,rfl,3,rfl
.lake/packages/mathlib/Mathlib/Order/ConditionallyCompleteLattice/Indexed.lean,281,theorem,le_ciSup_ciSup_eq_right,rfl,3,rfl
.lake/packages/mathlib/Mathlib/Order/Filter/Prod.lean,385,theorem,frequently_prod_and,rfl,2,rfl
.lake/packages/mathlib/Mathlib/Order/Filter/Prod.lean,398,theorem,le_prod,rfl,2,rfl
.lake/packages/mathlib/Mathlib/Order/Filter/Partial.lean,159,theorem,mem_pmap,rfl,3,rfl
.lake/packages/mathlib/Mathlib/Order/Filter/SmallSets.lean,33,theorem,bind_smallSets_gc,rfl,3,rfl
.lake/packages/mathlib/Mathlib/Order/Partition/Finpartition.lean,720,theorem,sum_card_parts,rfl,3,rfl
.lake/packages/mathlib/Mathlib/Order/Partition/Basic.lean,49,lemma,disjoint,rfl,2,rfl
.lake/packages/mathlib/Mathlib/Order/Interval/Finset/Gaps.lean,38,theorem,intervalGapsWithin_fst_of_lt_lt,omega,2,omega
.lake/packages/mathlib/Mathlib/Order/Interval/Finset/Nat.lean,65,theorem,range_succ_eq_Iic,rfl,2,rfl
.lake/packages/mathlib/Mathlib/Order/Interval/Finset/Basic.lean,627,theorem,card_Ioo_eq_card_Ioc_sub_one,rfl,2,rfl
.lake/packages/mathlib/Mathlib/Order/Filter/Germ/Basic.lean,133,theorem,map'_coe,rfl,2,rfl
.lake/packages/mathlib/Mathlib/Order/Filter/AtTopBot/Finset.lean,121,lemma,tendsto_comp_card_atTop_iff,rfl,2,rfl
.lake/packages/mathlib/Mathlib/Order/Filter/AtTopBot/Finset.lean,127,lemma,tendsto_comp_card_atTop_iff_of_fintype,rfl,2,rfl
.lake/packages/mathlib/Mathlib/Order/Filter/Bases/Basic.lean,580,lemma,HasAntitoneBasis.iInf_principal,rfl,2,rfl
.lake/packages/mathlib/Mathlib/Topology/Order/UpperLowerSetTopology.lean,173,lemma,topology_eq,rfl,2,rfl
.lake/packages/mathlib/Mathlib/Topology/Order/UpperLowerSetTopology.lean,294,lemma,closure_eq_upperClosure,rfl,2,rfl
.lake/packages/mathlib/Mathlib/Topology/Order/HullKernel.lean,141,lemma,kernel_hull,rfl,2,rfl
.lake/packages/mathlib/Mathlib/Topology/OpenPartialHomeomorph/Defs.lean,184,theorem,replacePartialEquiv_eq_self,rfl,3,rfl
.lake/packages/mathlib/Mathlib/Topology/LocallyConstant/Basic.lean,544,lemma,piecewise'_apply_left,rfl,5,rfl
.lake/packages/mathlib/Mathlib/Topology/LocallyConstant/Basic.lean,556,lemma,piecewise'_apply_right,rfl,5,rfl
.lake/packages/mathlib/Mathlib/Topology/Category/Compactum.lean,76,theorem,str_incl,rfl,3,rfl
.lake/packages/mathlib/Mathlib/Topology/Category/Compactum.lean,85,theorem,str_hom_commute,rfl,3,rfl
.lake/packages/mathlib/Mathlib/Topology/Category/Compactum.lean,93,theorem,join_distrib,rfl,3,rfl
.lake/packages/mathlib/Mathlib/Topology/ContinuousMap/Interval.lean,70,theorem,concat_left,rfl,2,rfl
.lake/packages/mathlib/Mathlib/Topology/ContinuousMap/Interval.lean,76,theorem,concat_right,rfl,2,rfl
.lake/packages/mathlib/Mathlib/Topology/ContinuousMap/Algebra.lean,674,theorem,Subalgebra.separatesPoints_monotone,rfl,2,rfl
.lake/packages/mathlib/Mathlib/Topology/ContinuousMap/Units.lean,42,lemma,unitsLift_apply_inv_apply,rfl,1,rfl
.lake/packages/mathlib/Mathlib/Topology/Homotopy/Product.lean,85,theorem,comp_pi_eq_pi_comp,rfl,5,rfl
.lake/packages/mathlib/Mathlib/Topology/Homotopy/HSpaces.lean,83,theorem,one_eq_hSpace_e,rfl,2,rfl
.lake/packages/mathlib/Mathlib/Topology/Homotopy/Path.lean,303,theorem,mk_symm,rfl,2,rfl
.lake/packages/mathlib/Mathlib/Topology/Homotopy/Path.lean,322,theorem,cast_cast,rfl,2,rfl
.lake/packages/mathlib/Mathlib/Topology/Homotopy/HomotopyGroup.lean,529,theorem,one_def,rfl,3,rfl
.lake/packages/mathlib/Mathlib/Topology/Homotopy/HomotopyGroup.lean,541,theorem,inv_spec,rfl,3,rfl
.lake/packages/mathlib/Mathlib/Topology/Bornology/BoundedOperation.lean,128,lemma,SeminormedAddCommGroup.lipschitzWith_sub,norm_num,2,norm_num
.lake/packages/mathlib/Mathlib/Topology/Constructions/SumProd.lean,405,theorem,prod_eq_generateFrom,rfl,3,rfl
.lake/packages/mathlib/Mathlib/Topology/MetricSpace/Kuratowski.lean,35,theorem,embeddingOfSubset_coe,ring,5,ring
.lake/packages/mathlib/Mathlib/Topology/MetricSpace/UniformConvergence.lean,70,lemma,lipschitzOnWith_iff,rfl,2,rfl
.lake/packages/mathlib/Mathlib/Topology/MetricSpace/UniformConvergence.lean,182,lemma,edist_eq_restrict_sUnion,rfl,2,rfl
.lake/packages/mathlib/Mathlib/Topology/MetricSpace/UniformConvergence.lean,218,lemma,lipschitzOnWith_iff,rfl,2,rfl
.lake/packages/mathlib/Mathlib/Topology/MetricSpace/Gluing.lean,269,theorem,dist_ne,linarith,2,"linarith [@dist_nonneg _ _ x (Nonempty.some ⟨x⟩), @dist_nonneg _ _ (Nonempty.some ⟨y⟩) y]"
.lake/packages/mathlib/Mathlib/Topology/MetricSpace/Defs.lean,125,theorem,MetricSpace.replaceBornology_eq,rfl,2,rfl
.lake/packages/mathlib/Mathlib/Topology/VectorBundle/Basic.lean,462,theorem,comp_continuousLinearEquivAt_eq_coord_change,rfl,3,rfl
.lake/packages/mathlib/Mathlib/Topology/VectorBundle/Basic.lean,687,theorem,continuous_proj,rfl,3,rfl
.lake/packages/mathlib/Mathlib/Topology/UniformSpace/Matrix.lean,27,theorem,uniformity,rfl,3,rfl
.lake/packages/mathlib/Mathlib/Topology/UniformSpace/Ascoli.lean,62,lemma,Equicontinuous.isUniformInducing_uniformFun_iff_pi,rfl,3,rfl
.lake/packages/mathlib/Mathlib/Topology/UniformSpace/Ascoli.lean,151,lemma,EquicontinuousOn.isUniformInducing_uniformOnFun_iff_pi',rfl,3,rfl
.lake/packages/mathlib/Mathlib/Topology/UniformSpace/Cauchy.lean,100,lemma,cauchy_comap_uniformSpace,rfl,2,rfl
.lake/packages/mathlib/Mathlib/Topology/UniformSpace/UniformConvergence.lean,231,theorem,TendstoUniformly.prodMk,rfl,2,rfl
.lake/packages/mathlib/Mathlib/Topology/UniformSpace/UniformEmbedding.lean,24,lemma,isUniformInducing_iff_uniformSpace,rfl,2,rfl
.lake/packages/mathlib/Mathlib/Topology/UniformSpace/Separation.lean,170,theorem,uniformity_eq,rfl,3,rfl
.lake/packages/mathlib/Mathlib/Topology/UniformSpace/Equicontinuity.lean,113,lemma,uniformEquicontinuous_restrict_iff,rfl,3,rfl
.lake/packages/mathlib/Mathlib/Topology/UniformSpace/Equicontinuity.lean,365,theorem,uniformEquicontinuous_iff_range,rfl,2,rfl
.lake/packages/mathlib/Mathlib/Topology/UniformSpace/Equicontinuity.lean,387,theorem,equicontinuousWithinAt_iff_continuousWithinAt,rfl,2,rfl
.lake/packages/mathlib/Mathlib/Topology/UniformSpace/Equicontinuity.lean,404,theorem,uniformEquicontinuous_iff_uniformContinuous,rfl,2,rfl
.lake/packages/mathlib/Mathlib/Topology/UniformSpace/Equicontinuity.lean,410,theorem,uniformEquicontinuousOn_iff_uniformContinuousOn,rfl,2,rfl
.lake/packages/mathlib/Mathlib/Topology/UniformSpace/Equicontinuity.lean,487,theorem,Filter.HasBasis.equicontinuousAt_iff_left,rfl,3,rfl
.lake/packages/mathlib/Mathlib/Topology/UniformSpace/Equicontinuity.lean,494,theorem,Filter.HasBasis.equicontinuousWithinAt_iff_left,rfl,3,rfl
.lake/packages/mathlib/Mathlib/Topology/UniformSpace/Equicontinuity.lean,501,theorem,Filter.HasBasis.equicontinuousAt_iff_right,rfl,3,rfl
.lake/packages/mathlib/Mathlib/Topology/UniformSpace/Equicontinuity.lean,508,theorem,Filter.HasBasis.equicontinuousWithinAt_iff_right,rfl,3,rfl
.lake/packages/mathlib/Mathlib/Topology/UniformSpace/Equicontinuity.lean,515,theorem,Filter.HasBasis.equicontinuousAt_iff,rfl,3,rfl
.lake/packages/mathlib/Mathlib/Topology/UniformSpace/Equicontinuity.lean,524,theorem,Filter.HasBasis.equicontinuousWithinAt_iff,rfl,3,rfl
.lake/packages/mathlib/Mathlib/Topology/UniformSpace/Equicontinuity.lean,533,theorem,Filter.HasBasis.uniformEquicontinuous_iff_left,rfl,4,rfl
.lake/packages/mathlib/Mathlib/Topology/UniformSpace/Equicontinuity.lean,542,theorem,Filter.HasBasis.uniformEquicontinuousOn_iff_left,rfl,4,rfl
.lake/packages/mathlib/Mathlib/Topology/UniformSpace/Equicontinuity.lean,551,theorem,Filter.HasBasis.uniformEquicontinuous_iff_right,rfl,3,rfl
.lake/packages/mathlib/Mathlib/Topology/UniformSpace/Equicontinuity.lean,558,theorem,Filter.HasBasis.uniformEquicontinuousOn_iff_right,rfl,3,rfl
.lake/packages/mathlib/Mathlib/Topology/UniformSpace/Equicontinuity.lean,566,theorem,Filter.HasBasis.uniformEquicontinuous_iff,rfl,4,rfl
.lake/packages/mathlib/Mathlib/Topology/UniformSpace/Equicontinuity.lean,576,theorem,Filter.HasBasis.uniformEquicontinuousOn_iff,rfl,4,rfl
.lake/packages/mathlib/Mathlib/Topology/UniformSpace/Equicontinuity.lean,587,theorem,IsUniformInducing.equicontinuousAt_iff,rfl,3,rfl
.lake/packages/mathlib/Mathlib/Topology/UniformSpace/Equicontinuity.lean,594,lemma,IsUniformInducing.equicontinuousWithinAt_iff,rfl,3,rfl
.lake/packages/mathlib/Mathlib/Topology/UniformSpace/Equicontinuity.lean,614,theorem,IsUniformInducing.uniformEquicontinuous_iff,rfl,3,rfl
.lake/packages/mathlib/Mathlib/Topology/UniformSpace/Equicontinuity.lean,621,theorem,IsUniformInducing.uniformEquicontinuousOn_iff,rfl,3,rfl
.lake/packages/mathlib/Mathlib/Topology/UniformSpace/UniformConvergenceTopology.lean,741,lemma,isUniformInducing_pi_restrict,rfl,3,rfl
.lake/packages/mathlib/Mathlib/Topology/Sets/Compacts.lean,238,theorem,equiv_symm,rfl,1,rfl
.lake/packages/mathlib/Mathlib/Topology/Sets/Compacts.lean,583,theorem,coe_prod,rfl,1,rfl
.lake/packages/mathlib/Mathlib/Topology/Sets/Closeds.lean,109,theorem,coe_sup,rfl,1,rfl
.lake/packages/mathlib/Mathlib/Topology/FiberBundle/Constructions.lean,256,theorem,inducing_pullbackTotalSpaceEmbedding,rfl,4,rfl
.lake/packages/mathlib/Mathlib/Topology/Instances/Matrix.lean,69,theorem,continuous_matrix,rfl,1,rfl
.lake/packages/mathlib/Mathlib/Topology/PartialHomeomorph/Defs.lean,155,theorem,replacePartialEquiv_eq_self,rfl,3,rfl
.lake/packages/mathlib/Mathlib/Topology/Convenient/ContinuousMapGeneratedBy.lean,24,lemma,continuousGeneratedBy_def,rfl,3,rfl
.lake/packages/mathlib/Mathlib/Topology/Convenient/GeneratedBy.lean,25,lemma,generatedBy_eq_coinduced,rfl,2,rfl
.lake/packages/mathlib/Mathlib/Topology/Compactness/CompactlyCoherentSpace.lean,109,lemma,isOpen_iff,rfl,2,rfl
.lake/packages/mathlib/Mathlib/Topology/Compactness/CompactlyCoherentSpace.lean,119,lemma,continuous_dom_iff,rfl,3,rfl
.lake/packages/mathlib/Mathlib/Topology/Algebra/Support.lean,173,lemma,ContinuousOn.continuous_of_mulTSupport_subset,rfl,1,rfl
.lake/packages/mathlib/Mathlib/Topology/Algebra/ContinuousMonoidHom.lean,210,theorem,mul_apply,rfl,1,rfl
.lake/packages/mathlib/Mathlib/Topology/Algebra/ContinuousAffineMap.lean,80,theorem,coe_toAffineMap_mk,rfl,2,rfl
.lake/packages/mathlib/Mathlib/Topology/Sheaves/Stalks.lean,96,theorem,stalk_hom_ext,rfl,2,rfl
.lake/packages/mathlib/Mathlib/Topology/Sheaves/Presheaf.lean,106,theorem,restrict_restrict,rfl,3,rfl
.lake/packages/mathlib/Mathlib/Topology/CWComplex/Classical/Subcomplex.lean,109,lemma,CWComplex.Subcomplex.cell_def,rfl,1,rfl
.lake/packages/mathlib/Mathlib/Topology/CWComplex/Classical/Subcomplex.lean,124,lemma,RelCWComplex.Subcomplex.closedCell_eq,rfl,1,rfl
.lake/packages/mathlib/Mathlib/Topology/CWComplex/Classical/Subcomplex.lean,129,lemma,RelCWComplex.Subcomplex.cellFrontier_eq,rfl,1,rfl
.lake/packages/mathlib/Mathlib/Topology/CWComplex/Classical/Basic.lean,603,lemma,coe_copy,rfl,2,rfl
.lake/packages/mathlib/Mathlib/Topology/Category/LightProfinite/AsLimit.lean,85,lemma,proj_comp_transitionMap,rfl,2,rfl
.lake/packages/mathlib/Mathlib/Topology/Category/LightProfinite/AsLimit.lean,93,lemma,proj_comp_transitionMapLE,rfl,2,rfl
.lake/packages/mathlib/Mathlib/Topology/Category/TopCat/Yoneda.lean,35,theorem,comp_yonedaPresheaf',rfl,4,rfl
.lake/packages/mathlib/Mathlib/Topology/Category/TopCat/Opens.lean,208,theorem,map_id_eq,rfl,1,rfl
.lake/packages/mathlib/Mathlib/Topology/Category/TopCat/Opens.lean,219,theorem,map_comp_eq,rfl,2,rfl
.lake/packages/mathlib/Mathlib/Topology/Category/TopCat/Opens.lean,352,lemma,mem_functorObj_iff,rfl,2,rfl
.lake/packages/mathlib/Mathlib/Topology/Category/TopCat/Basic.lean,189,theorem,of_isoOfHomeo,rfl,2,rfl
.lake/packages/mathlib/Mathlib/Topology/Category/TopCat/Basic.lean,194,theorem,of_homeoOfIso,rfl,2,rfl
.lake/packages/mathlib/Mathlib/Topology/Category/TopCat/Limits/Products.lean,153,theorem,prodIsoProd_hom_apply,rfl,5,rfl
.lake/packages/mathlib/Mathlib/Topology/Category/TopCat/Limits/Pullbacks.lean,107,theorem,pullbackIsoProdSubtype_hom_apply,rfl,5,rfl
.lake/packages/mathlib/Mathlib/Topology/Category/TopCat/Limits/Pullbacks.lean,269,theorem,isEmbedding_of_pullback,rfl,3,rfl
.lake/packages/mathlib/Mathlib/Topology/Category/TopCat/Limits/Pullbacks.lean,294,theorem,isOpenEmbedding_of_pullback,rfl,3,rfl
.lake/packages/mathlib/Mathlib/Topology/Category/Profinite/Nobeling/Basic.lean,430,theorem,coe_,rfl,1,rfl
.lake/packages/mathlib/Mathlib/Topology/Category/Profinite/Nobeling/Basic.lean,434,theorem,injective_,rfl,1,rfl
.lake/packages/mathlib/Mathlib/Topology/ContinuousMap/Bounded/Normed.lean,645,lemma,add_norm_nonneg,linarith,4,linarith [(abs_le.mp (norm_coe_le_norm f x)).1]
.lake/packages/mathlib/Mathlib/Topology/ContinuousMap/Bounded/Normed.lean,652,lemma,norm_sub_nonneg,linarith,4,linarith [(abs_le.mp (norm_coe_le_norm f x)).2]
.lake/packages/mathlib/Mathlib/Topology/MetricSpace/Pseudo/Defs.lean,928,theorem,Metric.eball_top,rfl,2,rfl
.lake/packages/mathlib/Mathlib/Topology/MetricSpace/Pseudo/Defs.lean,954,theorem,PseudoMetricSpace.replaceTopology_eq,rfl,2,rfl
.lake/packages/mathlib/Mathlib/Topology/MetricSpace/Pseudo/Defs.lean,991,theorem,PseudoMetricSpace.replaceBornology_eq,rfl,2,rfl
.lake/packages/mathlib/Mathlib/Topology/Algebra/Group/Basic.lean,37,theorem,Homeomorph.coe_mulLeft,rfl,2,rfl
.lake/packages/mathlib/Mathlib/Topology/Algebra/Group/Basic.lean,71,lemma,Homeomorph.coe_mulRight,rfl,2,rfl
.lake/packages/mathlib/Mathlib/Topology/Algebra/Group/Quotient.lean,72,theorem,t1Space_iff,rfl,3,rfl
.lake/packages/mathlib/Mathlib/Topology/Algebra/Group/Quotient.lean,79,theorem,discreteTopology_iff,rfl,3,rfl
.lake/packages/mathlib/Mathlib/Topology/Algebra/Module/Complement.lean,36,theorem,IsCompl.isTopCompl_iff,rfl,2,rfl
.lake/packages/mathlib/Mathlib/Topology/Algebra/Module/ClosedSubmodule.lean,61,lemma,coe_toSubmodule,rfl,1,rfl
.lake/packages/mathlib/Mathlib/Topology/Algebra/Module/ClosedSubmodule.lean,252,lemma,coe_iSup,rfl,2,rfl
.lake/packages/mathlib/Mathlib/Topology/Algebra/Module/FiniteDimension.lean,325,theorem,coe_toContinuousLinearEquiv,rfl,2,rfl
.lake/packages/mathlib/Mathlib/Topology/Algebra/Module/FiniteDimension.lean,347,theorem,toLinearEquiv_toContinuousLinearEquiv_symm,rfl,2,rfl
.lake/packages/mathlib/Mathlib/Topology/Algebra/Module/FiniteDimension.lean,411,theorem,constrL_basis,rfl,2,rfl
.lake/packages/mathlib/Mathlib/Topology/Algebra/Module/Equiv.lean,152,theorem,coe_mk,rfl,2,rfl
.lake/packages/mathlib/Mathlib/Topology/Algebra/Module/Equiv.lean,315,theorem,symm_map_nhds_eq,rfl,2,rfl
.lake/packages/mathlib/Mathlib/Topology/Algebra/Module/Equiv.lean,1017,lemma,submoduleMap_apply,rfl,1,rfl
.lake/packages/mathlib/Mathlib/Topology/Algebra/Module/Equiv.lean,1022,lemma,submoduleMap_symm_apply,rfl,1,rfl
.lake/packages/mathlib/Mathlib/Topology/Algebra/Module/Equiv.lean,1033,theorem,ofSubmodules_apply,rfl,1,rfl
.lake/packages/mathlib/Mathlib/Topology/Algebra/IsUniformGroup/DiscreteSubgroup.lean,28,lemma,Subgroup.subgroupOfContinuousMulEquivOfLe_symm_apply,rfl,1,rfl
.lake/packages/mathlib/Mathlib/Topology/Algebra/InfiniteSum/Group.lean,279,theorem,Multipliable.subtype,rfl,3,rfl
.lake/packages/mathlib/Mathlib/Topology/Algebra/Valued/WithVal.lean,379,theorem,valueGroup_eq,rfl,2,rfl
.lake/packages/mathlib/Mathlib/Topology/Algebra/Valued/NormedValued.lean,197,lemma,coe_valuation_eq_rankOne_hom_comp_valuation,rfl,2,rfl
.lake/packages/mathlib/Mathlib/Topology/Algebra/Valued/NormedValued.lean,215,theorem,norm_lt_iff,rfl,2,rfl
.lake/packages/mathlib/Mathlib/Topology/Algebra/Algebra/Equiv.lean,65,theorem,coe_apply,rfl,2,rfl
.lake/packages/mathlib/Mathlib/Topology/Algebra/Algebra/Equiv.lean,232,theorem,trans_toContinuousLinearEquiv,rfl,1,rfl
.lake/packages/mathlib/Mathlib/Topology/Algebra/Module/Multilinear/Basic.lean,252,theorem,compContinuousLinearMap_apply,rfl,2,rfl
.lake/packages/mathlib/Mathlib/Topology/Algebra/Module/Spaces/UniformConvergenceCLM.lean,303,theorem,tendsto_iff_tendstoUniformlyOn,rfl,2,rfl
.lake/packages/mathlib/Mathlib/Topology/Algebra/Module/Spaces/WeakBilin.lean,57,theorem,coeFn_continuous,rfl,2,rfl
.lake/packages/mathlib/Mathlib/Topology/Algebra/Module/ContinuousLinearMap/PiProd.lean,275,theorem,prod_ext_iff,rfl,2,rfl
.lake/packages/mathlib/Mathlib/Topology/Algebra/Module/ContinuousLinearMap/Invertible.lean,138,theorem,ringInverse_equiv,rfl,4,rfl
.lake/packages/mathlib/Mathlib/Topology/Algebra/Module/ContinuousLinearMap/Positive.lean,146,lemma,comp_assoc,rfl,1,rfl
.lake/packages/mathlib/Mathlib/Topology/Algebra/Module/ContinuousLinearMap/Positive.lean,169,lemma,toContinuousLinearMap_add,rfl,1,rfl
.lake/packages/mathlib/Mathlib/Topology/Sheaves/SheafCondition/Sites.lean,213,theorem,extend_hom_app,rfl,2,rfl
.lake/packages/mathlib/Mathlib/Topology/Sheaves/SheafCondition/UniqueGluing.lean,200,theorem,eq_app_of_locally_eq,rfl,3,rfl
.lake/packages/mathlib/Mathlib/Analysis/InnerProductSpace/Reproducing.lean,424,lemma,outerKernel_apply,rfl,1,rfl
.lake/packages/mathlib/Mathlib/Analysis/InnerProductSpace/Orientation.lean,26,theorem,det_to_matrix_orthonormalBasis_of_same_orientation,linarith,5,linarith
.lake/packages/mathlib/Mathlib/Analysis/InnerProductSpace/Basic.lean,234,theorem,real_inner_add_add_self,ring,3,ring
.lake/packages/mathlib/Mathlib/Analysis/InnerProductSpace/Basic.lean,245,theorem,real_inner_sub_sub_self,ring,3,ring
.lake/packages/mathlib/Mathlib/Analysis/InnerProductSpace/Basic.lean,252,theorem,parallelogram_law,ring,2,ring
.lake/packages/mathlib/Mathlib/Analysis/InnerProductSpace/Basic.lean,489,theorem,re_inner_eq_norm_add_mul_self_sub_norm_mul_self_sub_norm_mul_self_div_two,ring,2,ring
.lake/packages/mathlib/Mathlib/Analysis/InnerProductSpace/Basic.lean,495,theorem,re_inner_eq_norm_mul_self_add_norm_mul_self_sub_norm_sub_mul_self_div_two,ring,2,ring
.lake/packages/mathlib/Mathlib/Analysis/InnerProductSpace/Basic.lean,501,theorem,re_inner_eq_norm_add_mul_self_sub_norm_sub_mul_self_div_four,ring,2,ring
.lake/packages/mathlib/Mathlib/Analysis/InnerProductSpace/Basic.lean,507,theorem,im_inner_eq_norm_sub_i_smul_mul_self_sub_norm_add_i_smul_mul_self_div_four,ring,2,ring
.lake/packages/mathlib/Mathlib/Analysis/InnerProductSpace/OfNorm.lean,143,theorem,innerProp,ring,4,ring
.lake/packages/mathlib/Mathlib/Analysis/InnerProductSpace/Defs.lean,183,theorem,ne_zero_of_inner_self_ne_zero,norm_num,1,"norm_num [ext_iff, inner_self_im]"
.lake/packages/mathlib/Mathlib/Analysis/InnerProductSpace/Adjoint.lean,705,theorem,_root_.ContinuousLinearMap.isSelfAdjoint_toLinearMap_iff,rfl,4,rfl
.lake/packages/mathlib/Mathlib/Analysis/InnerProductSpace/LinearMap.lean,34,theorem,inner_map_polarization,ring,4,ring
.lake/packages/mathlib/Mathlib/Analysis/InnerProductSpace/LinearMap.lean,45,theorem,inner_map_polarization',ring,4,ring
.lake/packages/mathlib/Mathlib/Analysis/InnerProductSpace/Orthogonal.lean,120,lemma,map_orthogonal_equiv,rfl,4,rfl
.lake/packages/mathlib/Mathlib/Analysis/InnerProductSpace/Symmetric.lean,240,theorem,IsSymmetric.inner_map_self_eq_zero,ring,5,ring
.lake/packages/mathlib/Mathlib/Analysis/CStarAlgebra/GelfandDuality.lean,273,theorem,compContinuousMap_comp,rfl,1,rfl
.lake/packages/mathlib/Mathlib/Analysis/CStarAlgebra/CStarMatrix.lean,33,lemma,ofMatrix_symm_apply,rfl,2,rfl
.lake/packages/mathlib/Mathlib/Analysis/RCLike/Basic.lean,416,theorem,normSq_mul,ring,2,ring
.lake/packages/mathlib/Mathlib/Analysis/VonNeumannAlgebra/Basic.lean,86,theorem,mem_commutant_iff,rfl,2,rfl
.lake/packages/mathlib/Mathlib/Analysis/Complex/ExponentialBounds.lean,29,theorem,exp_one_gt_d9,norm_num,3,norm_num
.lake/packages/mathlib/Mathlib/Analysis/Complex/Hadamard.lean,48,lemma,sSupNormIm_eps_pos,linarith,1,linarith [sSupNormIm_nonneg f x]
.lake/packages/mathlib/Mathlib/Analysis/Complex/Norm.lean,218,theorem,abs_re_div_norm_le_one,rfl,2,rfl
.lake/packages/mathlib/Mathlib/Analysis/Complex/Trigonometric.lean,231,theorem,cosh_sq,ring,2,ring
.lake/packages/mathlib/Mathlib/Analysis/Complex/Trigonometric.lean,235,theorem,sinh_sq,ring,2,ring
.lake/packages/mathlib/Mathlib/Analysis/Complex/Trigonometric.lean,240,theorem,cosh_two_mul,ring,2,ring
.lake/packages/mathlib/Mathlib/Analysis/Complex/Trigonometric.lean,475,theorem,cos_sq',ring,2,ring
.lake/packages/mathlib/Mathlib/Analysis/Complex/Trigonometric.lean,495,theorem,sin_three_mul,ring,3,ring
.lake/packages/mathlib/Mathlib/Analysis/Complex/Trigonometric.lean,614,theorem,two_mul_sin_mul_sin,ring,2,ring
.lake/packages/mathlib/Mathlib/Analysis/Complex/Trigonometric.lean,618,theorem,two_mul_cos_mul_cos,ring,2,ring
.lake/packages/mathlib/Mathlib/Analysis/Complex/Trigonometric.lean,622,theorem,two_mul_sin_mul_cos,ring,2,ring
.lake/packages/mathlib/Mathlib/Analysis/Complex/Circle.lean,121,lemma,exp_pi_ne_one,norm_num,4,norm_num at heq
.lake/packages/mathlib/Mathlib/Analysis/Asymptotics/Defs.lean,139,theorem,IsLittleO.eventuallyLT_norm_of_eventually_pos,norm_num,3,norm_num
.lake/packages/mathlib/Mathlib/Analysis/Asymptotics/ExpGrowth.lean,24,lemma,expGrowthInf_def,rfl,1,rfl
.lake/packages/mathlib/Mathlib/Analysis/Asymptotics/ExpGrowth.lean,28,lemma,expGrowthSup_def,rfl,1,rfl
.lake/packages/mathlib/Mathlib/Analysis/Asymptotics/ExpGrowth.lean,144,lemma,expGrowthInf_top,rfl,2,rfl
.lake/packages/mathlib/Mathlib/Analysis/Fourier/AddCircleMulti.lean,174,theorem,lintegral_preimage,rfl,4,rfl
.lake/packages/mathlib/Mathlib/Analysis/Fourier/AddCircleMulti.lean,182,theorem,integral_preimage,rfl,4,rfl
.lake/packages/mathlib/Mathlib/Analysis/Fourier/FourierTransformDeriv.lean,57,lemma,fderiv_fourierChar_neg_bilinear_right_apply,ring,3,ring
.lake/packages/mathlib/Mathlib/Analysis/Fourier/FourierTransformDeriv.lean,63,lemma,differentiable_fourierChar_neg_bilinear_right,ring,4,ring
.lake/packages/mathlib/Mathlib/Analysis/Fourier/FourierTransform.lean,415,theorem,fourier_real_eq,rfl,2,rfl
.lake/packages/mathlib/Mathlib/Analysis/Distribution/Distribution.lean,46,lemma,mapCLM_apply,rfl,1,rfl
.lake/packages/mathlib/Mathlib/Analysis/Distribution/TemperedDistribution.lean,53,theorem,toTemperedDistribution_apply,rfl,1,rfl
.lake/packages/mathlib/Mathlib/Analysis/Distribution/TemperedDistribution.lean,220,theorem,smulLeftCLM_apply_apply,rfl,1,rfl
.lake/packages/mathlib/Mathlib/Analysis/Distribution/FourierMultiplier.lean,30,theorem,fourierMultiplierCLM_apply,rfl,1,rfl
.lake/packages/mathlib/Mathlib/Analysis/Distribution/FourierMultiplier.lean,123,theorem,fourierMultiplierCLM_apply,rfl,1,rfl
.lake/packages/mathlib/Mathlib/Analysis/Distribution/FourierMultiplier.lean,128,theorem,fourierMultiplierCLM_apply_apply,rfl,1,rfl
.lake/packages/mathlib/Mathlib/Analysis/Distribution/ContDiffMapSupportedIn.lean,446,lemma,structureMapCLM_eq_of_scalars,rfl,3,rfl
.lake/packages/mathlib/Mathlib/Analysis/Distribution/ContDiffMapSupportedIn.lean,824,lemma,integralAgainstBilinLM_apply,rfl,1,rfl
.lake/packages/mathlib/Mathlib/Analysis/Convex/Gauge.lean,459,theorem,gauge_lt_one_iff_mem_interior,rfl,2,rfl
.lake/packages/mathlib/Mathlib/Analysis/Convex/Slope.lean,158,theorem,ConvexOn.secant_mono_aux2,linarith,4,linarith only [hf.secant_mono_aux1 hx hz hxy hyz]
.lake/packages/mathlib/Mathlib/Analysis/Convex/Slope.lean,165,theorem,ConvexOn.secant_mono_aux3,linarith,4,linarith only [hf.secant_mono_aux1 hx hz hxy hyz]
.lake/packages/mathlib/Mathlib/Analysis/Convex/Slope.lean,199,theorem,StrictConvexOn.secant_strict_mono_aux2,linarith,4,linarith only [hf.secant_strict_mono_aux1 hx hz hxy hyz]
.lake/packages/mathlib/Mathlib/Analysis/Convex/Slope.lean,206,theorem,StrictConvexOn.secant_strict_mono_aux3,linarith,4,linarith only [hf.secant_strict_mono_aux1 hx hz hxy hyz]
.lake/packages/mathlib/Mathlib/Analysis/Convex/Between.lean,39,theorem,affineSegment_image,rfl,2,rfl
.lake/packages/mathlib/Mathlib/Analysis/Convex/StdSimplex.lean,414,lemma,eq_one_of_unique,rfl,2,rfl
.lake/packages/mathlib/Mathlib/Analysis/SpecialFunctions/BinaryEntropy.lean,373,lemma,binEntropy_strictAntiOn,norm_num,3,norm_num
.lake/packages/mathlib/Mathlib/Analysis/SpecialFunctions/Exp.lean,371,theorem,tendsto_comp_exp_atBot,rfl,2,rfl
.lake/packages/mathlib/Mathlib/Analysis/SpecialFunctions/Exp.lean,490,theorem,tendsto_exp_nhds_zero_iff,rfl,2,rfl
.lake/packages/mathlib/Mathlib/Analysis/SpecialFunctions/Arcosh.lean,40,theorem,cosh_arcosh,ring,2,ring
.lake/packages/mathlib/Mathlib/Analysis/SpecialFunctions/Arcosh.lean,48,theorem,sinh_arcosh,ring,2,ring
.lake/packages/mathlib/Mathlib/Analysis/SpecialFunctions/JapaneseBracket.lean,28,theorem,one_add_norm_le_sqrt_two_mul_sqrt,linarith,4,linarith
.lake/packages/mathlib/Mathlib/Analysis/SpecialFunctions/PolarCoord.lean,97,theorem,det_fderivPolarCoordSymm,ring,5,ring
.lake/packages/mathlib/Mathlib/Analysis/SpecificLimits/Normed.lean,306,theorem,geom_series_eq_inverse,rfl,3,rfl
.lake/packages/mathlib/Mathlib/Analysis/SpecificLimits/ArithmeticGeometric.lean,69,lemma,arithGeom_zero_eq_mul_div',ring,2,ring
.lake/packages/mathlib/Mathlib/Analysis/SpecificLimits/ArithmeticGeometric.lean,90,lemma,arithGeom_strictMono,linarith,5,linarith
.lake/packages/mathlib/Mathlib/Analysis/LocallyConvex/WithSeminorms.lean,916,theorem,SeminormFamily.finset_sup_comp,rfl,3,rfl
.lake/packages/mathlib/Mathlib/Analysis/Calculus/Implicit.lean,62,theorem,prodFun_apply,rfl,1,rfl
.lake/packages/mathlib/Mathlib/Analysis/Calculus/Implicit.lean,85,theorem,implicitFunction_def,rfl,1,rfl
.lake/packages/mathlib/Mathlib/Analysis/Calculus/Implicit.lean,89,lemma,implicitFunction_apply,rfl,1,rfl
.lake/packages/mathlib/Mathlib/Analysis/Calculus/Implicit.lean,94,theorem,toOpenPartialHomeomorph_coe,rfl,1,rfl
.lake/packages/mathlib/Mathlib/Analysis/Calculus/Implicit.lean,97,theorem,toOpenPartialHomeomorph_apply,rfl,1,rfl
.lake/packages/mathlib/Mathlib/Analysis/Calculus/Implicit.lean,259,theorem,implicitToOpenPartialHomeomorphOfComplemented_fst,rfl,1,rfl
.lake/packages/mathlib/Mathlib/Analysis/Calculus/Implicit.lean,264,theorem,implicitToOpenPartialHomeomorphOfComplemented_apply,rfl,1,rfl
.lake/packages/mathlib/Mathlib/Analysis/Calculus/Implicit.lean,363,theorem,implicitToOpenPartialHomeomorph_fst,rfl,1,rfl
.lake/packages/mathlib/Mathlib/Analysis/Calculus/ImplicitContDiff.lean,40,theorem,implicitFunction_def,rfl,1,rfl
.lake/packages/mathlib/Mathlib/Analysis/Calculus/LogDeriv.lean,123,theorem,logDeriv_comp,ring,2,ring
.lake/packages/mathlib/Mathlib/Analysis/Calculus/FormalMultilinearSeries.lean,96,theorem,removeZero_coeff_zero,rfl,2,rfl
.lake/packages/mathlib/Mathlib/Analysis/Polynomial/Norm.lean,30,lemma,supNorm_zero,norm_num,2,norm_num
.lake/packages/mathlib/Mathlib/Analysis/Matrix/LDL.lean,33,theorem,LDL.lowerInv_eq_gramSchmidtBasis,rfl,5,rfl
.lake/packages/mathlib/Mathlib/Analysis/Matrix/HermitianFunctionalCalculus.lean,65,lemma,cfcAux_id,rfl,2,rfl
.lake/packages/mathlib/Mathlib/Analysis/Analytic/Composition.lean,104,theorem,applyComposition_apply_prod,rfl,1,rfl
.lake/packages/mathlib/Mathlib/Analysis/CStarAlgebra/Unitary/Connected.lean,145,lemma,Unitary.norm_argSelfAdjoint,linarith,2,linarith [two_mul_one_sub_cos_norm_argSelfAdjoint hu]
.lake/packages/mathlib/Mathlib/Analysis/Complex/UpperHalfPlane/Metric.lean,105,theorem,cosh_dist',ring,2,ring
.lake/packages/mathlib/Mathlib/Analysis/Complex/UpperHalfPlane/Metric.lean,126,theorem,dist_coe_center_sq,ring,5,ring
.lake/packages/mathlib/Mathlib/Analysis/Complex/UpperHalfPlane/MoebiusAction.lean,74,lemma,moebius_im,ring,4,ring
.lake/packages/mathlib/Mathlib/Analysis/Complex/UpperHalfPlane/MoebiusAction.lean,261,theorem,pglMk_smul,rfl,2,rfl
.lake/packages/mathlib/Mathlib/Analysis/Complex/UpperHalfPlane/MoebiusAction.lean,306,theorem,exists_SL2_smul_eq_of_apply_zero_one_eq_zero,ring,5,ring
.lake/packages/mathlib/Mathlib/Analysis/Complex/UpperHalfPlane/FixedPoints.lean,102,theorem,fixedPt_neg,ring,3,ring
.lake/packages/mathlib/Mathlib/Analysis/Real/Pi/Wallis.lean,50,theorem,W_eq_integral_sin_pow_div_integral_sin_pow,rfl,3,rfl
.lake/packages/mathlib/Mathlib/Analysis/Real/Pi/Bounds.lean,180,theorem,floor_pi_eq_three,norm_num,3,norm_num
.lake/packages/mathlib/Mathlib/Analysis/Distribution/SchwartzSpace/Fourier.lean,99,lemma,fourierInv_apply_eq,rfl,1,rfl
.lake/packages/mathlib/Mathlib/Analysis/Distribution/SchwartzSpace/Basic.lean,453,theorem,_root_.schwartz_withSeminorms,rfl,4,rfl
.lake/packages/mathlib/Mathlib/Analysis/Convex/SimplicialComplex/Basic.lean,47,theorem,convexHull_subset_space,rfl,2,rfl
.lake/packages/mathlib/Mathlib/Analysis/SpecialFunctions/Gamma/Digamma.lean,53,theorem,digamma_nat_add_one,ring,3,ring
.lake/packages/mathlib/Mathlib/Analysis/SpecialFunctions/Gamma/BohrMollerup.lean,172,theorem,le_logGammaSeq,ring,4,ring
.lake/packages/mathlib/Mathlib/Analysis/SpecialFunctions/Gamma/BohrMollerup.lean,349,theorem,doublingGamma_add_one,ring,3,ring
.lake/packages/mathlib/Mathlib/Analysis/SpecialFunctions/Gamma/Deligne.lean,33,lemma,Gamma,ring,3,ring
.lake/packages/mathlib/Mathlib/Analysis/SpecialFunctions/Gamma/Deligne.lean,54,lemma,Gamma,ring,2,ring
.lake/packages/mathlib/Mathlib/Analysis/SpecialFunctions/Pow/Asymptotics.lean,103,theorem,tendsto_rpow_div,ring,2,ring
.lake/packages/mathlib/Mathlib/Analysis/SpecialFunctions/Pow/Asymptotics.lean,108,theorem,tendsto_rpow_neg_div,ring,2,ring
.lake/packages/mathlib/Mathlib/Analysis/SpecialFunctions/Pow/Deriv.lean,663,theorem,HasDerivWithinAt.rpow_const,ring,2,ring
.lake/packages/mathlib/Mathlib/Analysis/SpecialFunctions/Pow/Deriv.lean,706,theorem,HasDerivWithinAt.const_rpow,ring,2,ring
.lake/packages/mathlib/Mathlib/Analysis/SpecialFunctions/Pow/NNReal.lean,761,theorem,monotone_rpow_of_nonneg,rfl,2,rfl
.lake/packages/mathlib/Mathlib/Analysis/SpecialFunctions/Pow/Real.lean,916,lemma,one_sub_prime_cpow_ne_zero,norm_num,5,norm_num at this
.lake/packages/mathlib/Mathlib/Analysis/SpecialFunctions/Pow/Real.lean,962,theorem,rpow_div_two_eq_sqrt,ring,3,ring
.lake/packages/mathlib/Mathlib/Analysis/SpecialFunctions/Elliptic/Weierstrass.lean,272,lemma,weierstrassP_neg,ring,5,ring
.lake/packages/mathlib/Mathlib/Analysis/SpecialFunctions/Trigonometric/Inverse.lean,352,theorem,arccos_le_pi_div_two,linarith,4,linarith
.lake/packages/mathlib/Mathlib/Analysis/SpecialFunctions/Trigonometric/Arctan.lean,169,theorem,arctan_eq_zero_iff,norm_num,4,norm_num
.lake/packages/mathlib/Mathlib/Analysis/SpecialFunctions/Trigonometric/Arctan.lean,194,theorem,arctan_inv_sqrt_three,norm_num,4,norm_num
.lake/packages/mathlib/Mathlib/Analysis/SpecialFunctions/Trigonometric/Angle.lean,422,theorem,toReal_coe,rfl,3,rfl
.lake/packages/mathlib/Mathlib/Analysis/SpecialFunctions/Trigonometric/Angle.lean,454,theorem,toReal_le_pi,ring,3,ring
.lake/packages/mathlib/Mathlib/Analysis/SpecialFunctions/Trigonometric/Basic.lean,180,theorem,cos_pi,norm_num,2,norm_num
.lake/packages/mathlib/Mathlib/Analysis/SpecialFunctions/Trigonometric/Basic.lean,758,theorem,sin_pi_div_six,ring,3,ring
.lake/packages/mathlib/Mathlib/Analysis/SpecialFunctions/Trigonometric/Basic.lean,764,theorem,sq_sin_pi_div_three,ring,3,ring
.lake/packages/mathlib/Mathlib/Analysis/SpecialFunctions/Trigonometric/Basic.lean,771,theorem,sin_pi_div_three,ring,3,ring
.lake/packages/mathlib/Mathlib/Analysis/SpecialFunctions/Trigonometric/Basic.lean,839,theorem,tan_pi_div_two,ring,2,ring
.lake/packages/mathlib/Mathlib/Analysis/SpecialFunctions/Trigonometric/Basic.lean,847,theorem,tan_pi_div_three,ring,2,ring
.lake/packages/mathlib/Mathlib/Analysis/SpecialFunctions/Trigonometric/Basic.lean,1226,theorem,sinh_add_pi_mul_I,ring,2,ring
.lake/packages/mathlib/Mathlib/Analysis/SpecialFunctions/Trigonometric/Basic.lean,1241,theorem,cosh_add_pi_mul_I,ring,2,ring
.lake/packages/mathlib/Mathlib/Analysis/SpecialFunctions/Trigonometric/Complex.lean,172,theorem,cos_eq_two_mul_tan_half_div_one_sub_tan_half_sq,ring,5,ring
.lake/packages/mathlib/Mathlib/Analysis/SpecialFunctions/Trigonometric/Cotangent.lean,217,theorem,cot_series_rep,ring,5,ring
.lake/packages/mathlib/Mathlib/Analysis/SpecialFunctions/Trigonometric/Cotangent.lean,380,lemma,iteratedDerivWithin_cot_pi_mul_eq_mul_tsum_zpow,ring,4,ring
.lake/packages/mathlib/Mathlib/Analysis/SpecialFunctions/Trigonometric/ComplexDeriv.lean,20,theorem,hasStrictDerivAt_tan,ring,3,ring
.lake/packages/mathlib/Mathlib/Analysis/SpecialFunctions/Trigonometric/Bounds.lean,86,lemma,abs_sin_lt_abs,linarith,3,linarith
.lake/packages/mathlib/Mathlib/Analysis/SpecialFunctions/Complex/CircleMap.lean,70,theorem,circleMap_zero_radius,ring,2,ring
.lake/packages/mathlib/Mathlib/Analysis/SpecialFunctions/Complex/CircleMap.lean,81,lemma,circleMap_zero_div,ring,2,ring
.lake/packages/mathlib/Mathlib/Analysis/SpecialFunctions/Integrals/Basic.lean,449,theorem,integral_sin_pow,ring,3,ring
.lake/packages/mathlib/Mathlib/Analysis/SpecialFunctions/Integrals/Basic.lean,522,theorem,integral_cos_pow,ring,3,ring
.lake/packages/mathlib/Mathlib/Analysis/SpecialFunctions/Integrals/Basic.lean,556,theorem,integral_sin_sq_mul_cos,norm_num,2,norm_num at this; exact this
.lake/packages/mathlib/Mathlib/Analysis/SpecialFunctions/Integrals/Basic.lean,562,theorem,integral_cos_pow_three,norm_num,2,norm_num at this; exact this
.lake/packages/mathlib/Mathlib/Analysis/SpecialFunctions/Integrals/Basic.lean,588,theorem,integral_sin_mul_cos_sq,norm_num,2,norm_num at this; exact this
.lake/packages/mathlib/Mathlib/Analysis/SpecialFunctions/Integrals/Basic.lean,594,theorem,integral_sin_pow_three,norm_num,2,norm_num at this; exact this
.lake/packages/mathlib/Mathlib/Analysis/SpecialFunctions/Integrals/Basic.lean,600,theorem,integral_sin_pow_even_mul_cos_pow_even,norm_num,3,norm_num
.lake/packages/mathlib/Mathlib/Analysis/SpecialFunctions/Integrals/LogTrigonometric.lean,67,theorem,integral_log_sin_zero_pi,ring,3,ring
.lake/packages/mathlib/Mathlib/Analysis/SpecialFunctions/Log/Summable.lean,72,lemma,rexp_tsum_eq_tprod,linarith,5,linarith
.lake/packages/mathlib/Mathlib/Analysis/SpecialFunctions/Log/Basic.lean,238,theorem,log_injOn_pos,linarith,4,"linarith [add_one_lt_exp h, exp_log hx1]"
.lake/packages/mathlib/Mathlib/Analysis/SpecialFunctions/Log/PosLog.lean,149,lemma,posLog_le_abs,linarith,5,linarith [log_le_sub_one_of_pos (lt_trans one_pos h)]
.lake/packages/mathlib/Mathlib/Analysis/SpecialFunctions/Log/Monotone.lean,68,theorem,log_div_sqrt_antitoneOn,norm_num,3,norm_num
.lake/packages/mathlib/Mathlib/Analysis/SpecialFunctions/Log/NegMulLog.lean,192,lemma,deriv_negMulLog,ring,2,ring
.lake/packages/mathlib/Mathlib/Analysis/SpecialFunctions/Log/NegMulLog.lean,211,lemma,concaveOn_negMulLog,linarith,2,linarith [self_sub_one_lt_mul_log h0 h1]
.lake/packages/mathlib/Mathlib/Analysis/SpecialFunctions/ContinuousFunctionalCalculus/Rpow/Basic.lean,369,lemma,cfc_rpow,rfl,4,rfl
.lake/packages/mathlib/Mathlib/Analysis/SpecialFunctions/ContinuousFunctionalCalculus/Rpow/IntegralRepresentation.lean,135,lemma,continuousOn_rpowIntegrand,ring,4,ring
.lake/packages/mathlib/Mathlib/Analysis/BoxIntegral/Box/Basic.lean,280,theorem,disjoint_withBotCoe,rfl,2,rfl
.lake/packages/mathlib/Mathlib/Analysis/BoxIntegral/Partition/Tagged.lean,97,theorem,mem_biUnionTagged,rfl,2,rfl
.lake/packages/mathlib/Mathlib/Analysis/BoxIntegral/Partition/Basic.lean,47,theorem,eq_of_mem_of_mem,rfl,2,rfl
.lake/packages/mathlib/Mathlib/Analysis/Calculus/FDeriv/Analytic.lean,772,theorem,factorial_smul,rfl,5,rfl
.lake/packages/mathlib/Mathlib/Analysis/Calculus/FDeriv/Measurable.lean,67,theorem,A_mono,linarith,3,"linarith [mem_ball.1 hy, r'r.2, @dist_nonneg _ _ y x]"
.lake/packages/mathlib/Mathlib/Analysis/Calculus/FDeriv/Measurable.lean,374,theorem,measurableSet_B,linarith,3,"linarith [hy.1, hy.2, r'r.2]"
.lake/packages/mathlib/Mathlib/Analysis/Calculus/FDeriv/WithLp.lean,21,theorem,differentiableWithinAt_piLp,rfl,4,rfl
.lake/packages/mathlib/Mathlib/Analysis/Calculus/FDeriv/WithLp.lean,28,theorem,differentiableAt_piLp,rfl,3,rfl
.lake/packages/mathlib/Mathlib/Analysis/Calculus/FDeriv/WithLp.lean,34,theorem,differentiableOn_piLp,rfl,3,rfl
.lake/packages/mathlib/Mathlib/Analysis/Calculus/FDeriv/WithLp.lean,40,theorem,differentiable_piLp,rfl,3,rfl
.lake/packages/mathlib/Mathlib/Analysis/Calculus/FDeriv/WithLp.lean,45,theorem,hasStrictFDerivAt_piLp,rfl,3,rfl
.lake/packages/mathlib/Mathlib/Analysis/Calculus/FDeriv/WithLp.lean,52,theorem,hasFDerivWithinAt_piLp,rfl,3,rfl
.lake/packages/mathlib/Mathlib/Analysis/Calculus/IteratedDeriv/FaaDiBruno.lean,204,theorem,iteratedDerivWithin_comp_three,ring,3,ring
.lake/packages/mathlib/Mathlib/Analysis/Calculus/ContDiff/FTaylorSeries.lean,408,lemma,iteratedFDerivWithin_two_apply,rfl,2,rfl
.lake/packages/mathlib/Mathlib/Analysis/Calculus/ContDiff/Convolution.lean,92,theorem,_root_.HasCompactSupport.hasDerivAt_convolution_right,rfl,3,rfl
.lake/packages/mathlib/Mathlib/Analysis/Calculus/ContDiff/WithLp.lean,22,theorem,contDiffWithinAt_piLp,rfl,2,rfl
.lake/packages/mathlib/Mathlib/Analysis/Calculus/ContDiff/WithLp.lean,28,theorem,contDiffWithinAt_piLp',rfl,2,rfl
.lake/packages/mathlib/Mathlib/Analysis/Calculus/ContDiff/WithLp.lean,43,theorem,contDiffAt_piLp',rfl,2,rfl
.lake/packages/mathlib/Mathlib/Analysis/Calculus/ContDiff/WithLp.lean,58,theorem,contDiffOn_piLp',rfl,2,rfl
.lake/packages/mathlib/Mathlib/Analysis/Calculus/Deriv/MeanValue.lean,261,theorem,mul_sub_le_image_sub_of_le_deriv,linarith,4,linarith [hD.mul_sub_lt_image_sub_of_lt_deriv hf.fun_neg hf'.neg hf'_gt x hx y hy hxy]
.lake/packages/mathlib/Mathlib/Analysis/Calculus/Deriv/MeanValue.lean,277,theorem,image_sub_lt_mul_sub_of_deriv_lt,linarith,4,linarith [hD.mul_sub_le_image_sub_of_le_deriv hf.fun_neg hf'.neg hf'_ge x hx y hy hxy]
.lake/packages/mathlib/Mathlib/Analysis/Calculus/Deriv/Inv.lean,89,theorem,HasDerivWithinAt.inv,ring,2,ring
.lake/packages/mathlib/Mathlib/Analysis/Calculus/Deriv/Inv.lean,111,theorem,deriv_fun_inv'',ring,4,ring
.lake/packages/mathlib/Mathlib/Analysis/Calculus/Deriv/Inv.lean,136,theorem,HasDerivWithinAt.div,ring,4,ring
.lake/packages/mathlib/Mathlib/Analysis/Calculus/ImplicitFunction/Bivariate.lean,30,theorem,implicitFunctionOfBivariate_def,rfl,1,rfl
.lake/packages/mathlib/Mathlib/Analysis/Calculus/ImplicitFunction/ProdDomain.lean,69,theorem,implicitFunctionOfProdDomain_def,rfl,1,rfl
.lake/packages/mathlib/Mathlib/Analysis/Normed/Group/HomCompletion.lean,39,theorem,NormedAddGroupHom.completion_coe',rfl,3,rfl
.lake/packages/mathlib/Mathlib/Analysis/Normed/Group/HomCompletion.lean,59,theorem,NormedAddGroupHom.completion_comp,rfl,5,rfl
.lake/packages/mathlib/Mathlib/Analysis/Normed/Group/Pointwise.lean,65,theorem,ediam_mul_le,rfl,2,rfl
.lake/packages/mathlib/Mathlib/Analysis/Normed/Group/Pointwise.lean,81,theorem,inv_cthickening,rfl,2,rfl
.lake/packages/mathlib/Mathlib/Analysis/Normed/Group/Quotient.lean,256,theorem,lift_mk,rfl,5,rfl
.lake/packages/mathlib/Mathlib/Analysis/Normed/Group/Seminorm.lean,236,lemma,coe_sSup_apply,rfl,2,rfl
.lake/packages/mathlib/Mathlib/Analysis/Normed/Group/Seminorm.lean,443,theorem,toZeroHom_eq_coe,rfl,1,rfl
.lake/packages/mathlib/Mathlib/Analysis/Normed/Group/Seminorm.lean,507,lemma,coe_sSup_apply,rfl,2,rfl
.lake/packages/mathlib/Mathlib/Analysis/Normed/Group/Hom.lean,141,theorem,SurjectiveOnWith.exists_pos,linarith,4,linarith [le_abs_self C]
.lake/packages/mathlib/Mathlib/Analysis/Normed/Group/Hom.lean,561,theorem,zero_comp,rfl,2,rfl
.lake/packages/mathlib/Mathlib/Analysis/Normed/Group/Hom.lean,565,theorem,comp_assoc,rfl,2,rfl
.lake/packages/mathlib/Mathlib/Analysis/Normed/Group/Hom.lean,614,theorem,ker.incl_comp_lift,rfl,2,rfl
.lake/packages/mathlib/Mathlib/Analysis/Normed/Group/Hom.lean,643,theorem,mem_range,rfl,3,rfl
.lake/packages/mathlib/Mathlib/Analysis/Normed/Group/Hom.lean,749,theorem,example@L749,rfl,2,rfl
.lake/packages/mathlib/Mathlib/Analysis/Normed/Group/Hom.lean,774,theorem,example@L774,rfl,2,rfl
.lake/packages/mathlib/Mathlib/Analysis/Normed/Group/Hom.lean,787,theorem,map_comp_map,rfl,2,rfl
.lake/packages/mathlib/Mathlib/Analysis/Normed/Group/Real.lean,59,lemma,norm_natCast,rfl,2,rfl
.lake/packages/mathlib/Mathlib/Analysis/Normed/Module/WeakDual.lean,272,lemma,toLinearEquiv_extendRCLikeL,rfl,1,rfl
.lake/packages/mathlib/Mathlib/Analysis/Normed/Module/WeakDual.lean,277,lemma,extendRCLikeL_apply_apply,rfl,1,rfl
.lake/packages/mathlib/Mathlib/Analysis/Normed/Module/Bases.lean,222,theorem,proj_comp,omega,5,omega
.lake/packages/mathlib/Mathlib/Analysis/Normed/Lp/ProdLp.lean,865,theorem,prod_norm_eq_idemFst_sup_idemSnd,rfl,3,rfl
.lake/packages/mathlib/Mathlib/Analysis/Normed/Lp/ProdLp.lean,871,lemma,prod_norm_eq_add_idemFst,rfl,3,rfl
.lake/packages/mathlib/Mathlib/Analysis/Normed/Affine/Isometry.lean,46,theorem,linear_eq_linearIsometry,rfl,2,rfl
.lake/packages/mathlib/Mathlib/Analysis/Normed/Affine/Isometry.lean,55,theorem,coe_toAffineMap,rfl,1,rfl
.lake/packages/mathlib/Mathlib/Analysis/Normed/Affine/Isometry.lean,58,theorem,toAffineMap_injective,rfl,2,rfl
.lake/packages/mathlib/Mathlib/Analysis/Normed/Affine/Isometry.lean,66,theorem,ext,rfl,2,rfl
.lake/packages/mathlib/Mathlib/Analysis/Normed/Affine/Isometry.lean,283,theorem,linear_eq_linear_isometry,rfl,2,rfl
.lake/packages/mathlib/Mathlib/Analysis/Normed/Affine/Isometry.lean,321,theorem,coe_toAffineIsometry,rfl,2,rfl
.lake/packages/mathlib/Mathlib/Analysis/Normed/Affine/Isometry.lean,350,theorem,coe_toAffineIsometryEquiv,rfl,1,rfl
.lake/packages/mathlib/Mathlib/Analysis/Normed/Affine/Isometry.lean,354,theorem,toAffineIsometryEquiv_linearIsometryEquiv,rfl,2,rfl
.lake/packages/mathlib/Mathlib/Analysis/Normed/Affine/Isometry.lean,685,theorem,vaddConst_toAffineEquiv,rfl,2,rfl
.lake/packages/mathlib/Mathlib/Analysis/Normed/Affine/MazurUlam.lean,104,theorem,toRealLinearIsometryEquiv_symm_apply,rfl,2,rfl
.lake/packages/mathlib/Mathlib/Analysis/Normed/Operator/Bilinear.lean,139,theorem,flip_apply,rfl,2,rfl
.lake/packages/mathlib/Mathlib/Analysis/Normed/Operator/Banach.lean,401,theorem,coeFn_ofBijective,rfl,2,rfl
.lake/packages/mathlib/Mathlib/Analysis/Normed/Operator/Banach.lean,435,theorem,isUnit_iff_isUnit_toLinearMap,rfl,3,rfl
.lake/packages/mathlib/Mathlib/Analysis/Normed/Operator/Banach.lean,520,theorem,coeFn_ofIsClosedGraph,rfl,2,rfl
.lake/packages/mathlib/Mathlib/Analysis/Normed/Operator/Banach.lean,537,theorem,coeFn_ofSeqClosedGraph,rfl,2,rfl
.lake/packages/mathlib/Mathlib/Analysis/Normed/Operator/Conformal.lean,33,theorem,isConformalMap_const_smul,rfl,5,rfl
.lake/packages/mathlib/Mathlib/Analysis/Normed/Operator/LinearIsometry.lean,896,theorem,comp_continuousOn_iff,rfl,2,rfl
.lake/packages/mathlib/Mathlib/Analysis/Normed/Algebra/Unitization.lean,121,theorem,uniformity_eq_aux,rfl,4,rfl
.lake/packages/mathlib/Mathlib/Analysis/Normed/Module/Seminorm/Basic.lean,664,lemma,ball_eq_metric,rfl,3,rfl
.lake/packages/mathlib/Mathlib/Analysis/Normed/Module/Seminorm/Basic.lean,671,lemma,closedBall_eq_metric,rfl,3,rfl
.lake/packages/mathlib/Mathlib/Analysis/Normed/Module/Seminorm/Basic.lean,962,theorem,convex_ball,rfl,4,rfl
.lake/packages/mathlib/Mathlib/Analysis/Normed/Module/Seminorm/Basic.lean,1144,lemma,uniformity_eq_of_hasBasis,rfl,3,rfl
.lake/packages/mathlib/Mathlib/Analysis/Normed/Module/PiTensorProduct/ProjectiveSeminorm.lean,153,theorem,liftIsometry_symm_apply,rfl,1,rfl
.lake/packages/mathlib/Mathlib/Analysis/Normed/Module/PiTensorProduct/ProjectiveSeminorm.lean,178,theorem,mapL_apply,rfl,1,rfl
.lake/packages/mathlib/Mathlib/Probability/ProbabilityMassFunction/Constructions.lean,68,theorem,toOuterMeasure_map_apply,rfl,2,rfl
.lake/packages/mathlib/Mathlib/Probability/Moments/Tilted.lean,111,lemma,integral_tilted_mul_self,ring,3,ring
.lake/packages/mathlib/Mathlib/Probability/Moments/Variance.lean,153,lemma,covariance_self,ring,3,ring
.lake/packages/mathlib/Mathlib/Probability/Moments/Variance.lean,160,theorem,variance_nonneg,rfl,2,rfl
.lake/packages/mathlib/Mathlib/Probability/Moments/Variance.lean,228,lemma,variance_fun_add,ring,2,ring
.lake/packages/mathlib/Mathlib/Probability/Moments/Variance.lean,354,theorem,meas_ge_le_variance_div_sq,rfl,5,rfl
.lake/packages/mathlib/Mathlib/Probability/Moments/Covariance.lean,50,lemma,covariance_comm,ring,3,ring
.lake/packages/mathlib/Mathlib/Probability/Moments/CovarianceBilin.lean,51,lemma,covarianceBilin_self,rfl,2,rfl
.lake/packages/mathlib/Mathlib/Probability/Moments/CovarianceBilin.lean,56,lemma,covarianceBilin_apply_eq_cov,rfl,2,rfl
.lake/packages/mathlib/Mathlib/Probability/BrownianMotion/GaussianProjectiveFamily.lean,69,lemma,covariance_projectiveFamily,rfl,2,rfl
.lake/packages/mathlib/Mathlib/Probability/BrownianMotion/GaussianProjectiveFamily.lean,76,lemma,variance_projectiveFamily,rfl,2,rfl
.lake/packages/mathlib/Mathlib/Probability/Martingale/Upcrossing.lean,61,theorem,upperCrossingTime_succ_eq,rfl,2,rfl
.lake/packages/mathlib/Mathlib/Probability/Distributions/Gamma.lean,16,lemma,lintegral_Iic_eq_lintegral_Iio_add_Icc,linarith,4,linarith
.lake/packages/mathlib/Mathlib/Probability/Distributions/Uniform.lean,140,lemma,IsUniform.cond,norm_num,1,"norm_num [uniformPDF, Set.indicator]"
.lake/packages/mathlib/Mathlib/Probability/Distributions/Fernique.lean,121,lemma,normThreshold_strictMono,ring,2,ring
.lake/packages/mathlib/Mathlib/Probability/Kernel/WithDensity.lean,31,theorem,withDensity_of_not_measurable,rfl,2,rfl
.lake/packages/mathlib/Mathlib/Probability/Kernel/Proper.lean,44,lemma,IsProper.setLIntegral_eq_comp,rfl,4,rfl
.lake/packages/mathlib/Mathlib/Probability/Process/Filtration.lean,346,lemma,natural_eq_comap,rfl,2,rfl
.lake/packages/mathlib/Mathlib/Probability/Process/PartitionFiltration.lean,50,lemma,measurable_partitionFiltration_memPartitionSet,rfl,2,rfl
.lake/packages/mathlib/Mathlib/Probability/Process/PartitionFiltration.lean,92,lemma,measurable_countablePartitionSet_subtype,rfl,2,rfl
.lake/packages/mathlib/Mathlib/Probability/Kernel/Disintegration/MeasurableStieltjes.lean,143,lemma,tendsto_defaultRatCDF_atBot,linarith,4,linarith
.lake/packages/mathlib/Mathlib/Probability/Kernel/Disintegration/Integral.lean,115,lemma,lintegral_condKernel_mem,rfl,3,rfl
.lake/packages/mathlib/Mathlib/Probability/Kernel/Composition/Prod.lean,197,lemma,id_prod_eq,rfl,2,rfl
.lake/packages/mathlib/Mathlib/Probability/Kernel/Composition/MeasureCompProd.lean,138,lemma,compProd_sum_left,rfl,2,rfl
.lake/packages/mathlib/Mathlib/Probability/Kernel/Composition/MeasureCompProd.lean,143,lemma,compProd_sum_right,rfl,2,rfl
.lake/packages/mathlib/Mathlib/Probability/Kernel/Composition/MeasureComp.lean,93,lemma,compProd_eq_comp_prod,rfl,2,rfl
.lake/packages/mathlib/Mathlib/Probability/Kernel/Composition/MeasureComp.lean,121,lemma,compProd_deterministic,rfl,3,rfl
.lake/packages/mathlib/Mathlib/NumberTheory/ModularForms/DedekindEta.lean,105,lemma,logDeriv_one_sub_mul_cexp_comp,ring,3,ring
.lake/packages/mathlib/Mathlib/NumberTheory/LegendreSymbol/AddCharacter.lean,235,lemma,starComp_apply,rfl,2,rfl
.lake/packages/mathlib/Mathlib/NumberTheory/LegendreSymbol/ZModChar.lean,33,theorem,isQuadratic_,decide,2,decide
.lake/packages/mathlib/Mathlib/NumberTheory/LegendreSymbol/ZModChar.lean,68,theorem,example@L68,rfl,2,rfl
.lake/packages/mathlib/Mathlib/NumberTheory/LegendreSymbol/ZModChar.lean,73,theorem,example@L73,rfl,2,rfl
.lake/packages/mathlib/Mathlib/NumberTheory/LegendreSymbol/ZModChar.lean,78,theorem,example@L78,rfl,2,rfl
.lake/packages/mathlib/Mathlib/NumberTheory/LegendreSymbol/ZModChar.lean,83,theorem,example@L83,rfl,2,rfl
.lake/packages/mathlib/Mathlib/NumberTheory/LegendreSymbol/ZModChar.lean,92,theorem,neg_one_pow_div_two_of_three_mod_four,decide,2,decide
.lake/packages/mathlib/Mathlib/NumberTheory/LegendreSymbol/ZModChar.lean,129,theorem,example@L129,decide,2,decide
.lake/packages/mathlib/Mathlib/NumberTheory/LegendreSymbol/ZModChar.lean,159,theorem,example@L159,decide,1,decide
.lake/packages/mathlib/Mathlib/NumberTheory/ArithmeticFunction/VonMangoldt.lean,23,theorem,log_apply,rfl,4,rfl
.lake/packages/mathlib/Mathlib/NumberTheory/ArithmeticFunction/Defs.lean,174,theorem,neg_apply,rfl,1,rfl
.lake/packages/mathlib/Mathlib/NumberTheory/ArithmeticFunction/Defs.lean,283,theorem,smul_map,rfl,1,rfl
.lake/packages/mathlib/Mathlib/NumberTheory/Real/GoldenRatio.lean,53,theorem,goldenRatio_add_goldenConj,ring,2,ring
.lake/packages/mathlib/Mathlib/NumberTheory/Real/GoldenRatio.lean,57,theorem,one_sub_goldenConj,linarith,1,linarith [goldenRatio_add_goldenConj]
.lake/packages/mathlib/Mathlib/NumberTheory/Real/GoldenRatio.lean,60,theorem,one_sub_goldenRatio,linarith,1,linarith [goldenRatio_add_goldenConj]
.lake/packages/mathlib/Mathlib/NumberTheory/Real/GoldenRatio.lean,87,theorem,goldenRatio_lt_two,linarith,1,"linarith [one_sub_goldenConj, one_lt_goldenRatio]"
.lake/packages/mathlib/Mathlib/NumberTheory/Real/GoldenRatio.lean,105,theorem,goldenRatio_irrational,ring,5,ring
.lake/packages/mathlib/Mathlib/NumberTheory/Real/GoldenRatio.lean,113,theorem,goldenConj_irrational,ring,5,ring
.lake/packages/mathlib/Mathlib/NumberTheory/Height/Projectivization.lean,39,lemma,mulHeight_mk,rfl,1,rfl
.lake/packages/mathlib/Mathlib/NumberTheory/Height/Projectivization.lean,42,lemma,logHeight_mk,rfl,1,rfl
.lake/packages/mathlib/Mathlib/NumberTheory/Zsqrtd/Basic.lean,406,theorem,norm_def,ring,2,ring
.lake/packages/mathlib/Mathlib/NumberTheory/RamificationInertia/Inertia.lean,107,theorem,inertiaDeg'_bot,rfl,5,rfl
.lake/packages/mathlib/Mathlib/NumberTheory/Padics/Measure/Basic.lean,203,lemma,prodMk'_apply,rfl,5,rfl
.lake/packages/mathlib/Mathlib/NumberTheory/ModularForms/LevelOne/DimensionFormula.lean,168,lemma,levelOne_weight_four_rank_one,norm_num,1,"norm_num [E_qExpansion_coeff _ ⟨2, rfl⟩, show bernoulli 4 = -1 / 30 by decide +kernel]"
.lake/packages/mathlib/Mathlib/NumberTheory/ModularForms/LevelOne/DimensionFormula.lean,181,lemma,E,norm_num,1,"norm_num [E_qExpansion_coeff _ ⟨3, rfl⟩, show bernoulli 6 = 1 / 42 by decide +kernel]"
.lake/packages/mathlib/Mathlib/NumberTheory/NumberField/Cyclotomic/Three.lean,133,lemma,eta_sq_add_eta_add_one,ring,2,ring
.lake/packages/mathlib/Mathlib/NumberTheory/NumberField/Cyclotomic/Three.lean,168,lemma,lambda_pow_four_dvd_cube_add_one_of_dvd_add_one,ring,5,ring
.lake/packages/mathlib/Mathlib/NumberTheory/NumberField/InfinitePlace/Basic.lean,80,theorem,norm_embedding_eq,rfl,2,rfl
.lake/packages/mathlib/Mathlib/NumberTheory/NumberField/CanonicalEmbedding/ConvexBody.lean,294,theorem,convexBodySum_mem,rfl,2,rfl
.lake/packages/mathlib/Mathlib/FieldTheory/Differential/Basic.lean,28,lemma,logDeriv_mul,ring,3,ring
.lake/packages/mathlib/Mathlib/FieldTheory/PurelyInseparable/Tower.lean,90,lemma,insepDegree_eq_of_isSeparable,rfl,2,rfl
.lake/packages/mathlib/Mathlib/FieldTheory/PurelyInseparable/AdjoinPthRoots.lean,32,lemma,AdjoinPthRoots.root_pow,rfl,2,rfl
.lake/packages/mathlib/Mathlib/FieldTheory/PurelyInseparable/AdjoinPthRoots.lean,37,lemma,AdjoinPthRoots.algebraMap_root_symm,rfl,2,rfl
.lake/packages/mathlib/Mathlib/FieldTheory/Finite/GaloisField.lean,33,theorem,galois_poly_separable,ring,4,ring
.lake/packages/mathlib/Mathlib/FieldTheory/RatFunc/Basic.lean,488,theorem,algebraMap_apply,rfl,2,rfl
.lake/packages/mathlib/Mathlib/FieldTheory/RatFunc/Luroth.lean,298,lemma,swap_,ring,3,ring
.lake/packages/mathlib/Mathlib/FieldTheory/IntermediateField/Basic.lean,220,theorem,natCast_mem,rfl,2,rfl
.lake/packages/mathlib/Mathlib/FieldTheory/IntermediateField/Basic.lean,240,theorem,toIntermediateField_toSubalgebra,rfl,2,rfl
.lake/packages/mathlib/Mathlib/FieldTheory/IntermediateField/Basic.lean,257,theorem,toSubalgebra_toIntermediateField',rfl,2,rfl
.lake/packages/mathlib/Mathlib/FieldTheory/IntermediateField/Basic.lean,263,theorem,toIntermediateField'_toSubalgebra,rfl,2,rfl
.lake/packages/mathlib/Mathlib/FieldTheory/IntermediateField/Adjoin/Basic.lean,461,theorem,adjoin.finiteDimensional,rfl,2,rfl
.lake/packages/mathlib/Mathlib/AlgebraicGeometry/Morphisms/Flat.lean,152,lemma,flat_and_surjective_iff_faithfullyFlat_of_isAffine,rfl,5,rfl
.lake/packages/mathlib/Mathlib/AlgebraicGeometry/Morphisms/Flat.lean,162,lemma,Scheme.Hom.flat_appTop,rfl,3,rfl
.lake/packages/mathlib/Mathlib/AlgebraicGeometry/Morphisms/ClosedImmersion.lean,29,lemma,eq_inf,rfl,3,rfl
.lake/packages/mathlib/Mathlib/AlgebraicGeometry/Morphisms/IsIso.lean,20,lemma,isomorphisms_eq_isOpenImmersion_inf_surjective,rfl,3,rfl
.lake/packages/mathlib/Mathlib/AlgebraicGeometry/Morphisms/Proper.lean,26,lemma,isProper_eq,rfl,3,rfl
.lake/packages/mathlib/Mathlib/AlgebraicGeometry/Morphisms/Proper.lean,80,lemma,IsFinite.iff_isProper_and_isAffineHom,rfl,2,rfl
.lake/packages/mathlib/Mathlib/AlgebraicGeometry/Morphisms/Smooth.lean,281,lemma,Scheme.Hom.preimage_smoothLocus_eq,rfl,4,rfl
.lake/packages/mathlib/Mathlib/AlgebraicGeometry/Morphisms/Preimmersion.lean,24,lemma,isPreimmersion_eq_inf,rfl,3,rfl
.lake/packages/mathlib/Mathlib/AlgebraicGeometry/Morphisms/Preimmersion.lean,62,theorem,comp_iff,rfl,2,rfl
.lake/packages/mathlib/Mathlib/AlgebraicGeometry/Birational/RationalMap.lean,329,lemma,equiv_toPartialMap_iff_of_isSeparated,rfl,3,rfl
.lake/packages/mathlib/Mathlib/AlgebraicGeometry/IdealSheaf/Subscheme.lean,64,lemma,range_glueDataObj,rfl,5,rfl
.lake/packages/mathlib/Mathlib/AlgebraicGeometry/IdealSheaf/IrreducibleComponent.lean,33,theorem,irreducibleComponentIdeal_def,rfl,2,rfl
.lake/packages/mathlib/Mathlib/AlgebraicGeometry/Sites/Pretopology.lean,82,theorem,mem_jointlySurjectiveTopology_iff_jointlySurjectivePretopology,rfl,2,rfl
.lake/packages/mathlib/Mathlib/AlgebraicGeometry/ProjectiveSpectrum/Basic.lean,210,lemma,basicOpenToSpec_SpecMap_awayMap,rfl,3,rfl
.lake/packages/mathlib/Mathlib/AlgebraicGeometry/ProjectiveSpectrum/Basic.lean,249,lemma,pullbackAway,rfl,4,rfl
.lake/packages/mathlib/Mathlib/AlgebraicGeometry/ProjectiveSpectrum/Scheme.lean,499,lemma,awayToSection_apply,rfl,5,rfl
.lake/packages/mathlib/Mathlib/AlgebraicGeometry/ProjectiveSpectrum/Scheme.lean,581,lemma,toOpen_toSpec_val_c_app,rfl,4,rfl
.lake/packages/mathlib/Mathlib/AlgebraicGeometry/Modules/Sheaf.lean,343,lemma,map_restrictAppIso_hom,rfl,1,rfl
.lake/packages/mathlib/Mathlib/AlgebraicGeometry/EllipticCurve/Jacobian/Point.lean,39,lemma,neg_X,rfl,2,rfl
.lake/packages/mathlib/Mathlib/AlgebraicGeometry/EllipticCurve/Jacobian/Point.lean,100,lemma,addY_neg,rfl,2,rfl
.lake/packages/mathlib/Mathlib/AlgebraicGeometry/EllipticCurve/DivisionPolynomial/Degree.lean,94,lemma,natDegree_pre,linarith,1,linarith only [W.natDegree_preΨ₄ h]
.lake/packages/mathlib/Mathlib/AlgebraicGeometry/EllipticCurve/Affine/Point.lean,455,lemma,nonsingularPointEquivSubtype_symm_some,rfl,1,rfl
.lake/packages/mathlib/Mathlib/AlgebraicGeometry/EllipticCurve/Affine/Point.lean,514,lemma,pointEquivSubtype_symm_some,rfl,1,rfl
.lake/packages/mathlib/Mathlib/AlgebraicGeometry/EllipticCurve/Affine/AddSubMap.lean,170,lemma,addSubMap_sym2x_some_some,ring,3,ring
.lake/packages/mathlib/Mathlib/RepresentationTheory/Rep/Basic.lean,801,theorem,MonoidalClosed.linearHomEquiv_hom,rfl,2,rfl
.lake/packages/mathlib/Mathlib/RepresentationTheory/Homological/GroupHomology/Functoriality.lean,19,theorem,congr,rfl,2,rfl
.lake/packages/mathlib/Mathlib/RepresentationTheory/Homological/GroupHomology/LowDegree.lean,825,lemma,H1,rfl,2,rfl
.lake/packages/mathlib/Mathlib/RepresentationTheory/Homological/GroupHomology/LowDegree.lean,932,lemma,H1AddEquivOfIsTrivial_symm_tmul,rfl,1,rfl
.lake/packages/mathlib/Mathlib/RepresentationTheory/Homological/GroupHomology/LowDegree.lean,967,lemma,H2,rfl,2,rfl
.lake/packages/mathlib/Mathlib/RepresentationTheory/Homological/GroupCohomology/Functoriality.lean,21,theorem,congr,rfl,2,rfl
.lake/packages/mathlib/Mathlib/RepresentationTheory/Homological/GroupCohomology/Functoriality.lean,40,lemma,cochainsMap_id,rfl,1,rfl
.lake/packages/mathlib/Mathlib/RepresentationTheory/Homological/GroupCohomology/Functoriality.lean,45,lemma,cochainsMap_id_f_hom_eq_compLeft,rfl,1,rfl
.lake/packages/mathlib/Mathlib/RepresentationTheory/Homological/GroupCohomology/Functoriality.lean,57,lemma,cochainsMap_id_comp,rfl,1,rfl
.lake/packages/mathlib/Mathlib/RepresentationTheory/Homological/GroupCohomology/Functoriality.lean,189,lemma,cochainsMap_f_0_comp_cochainsIso,rfl,3,rfl
.lake/packages/mathlib/Mathlib/RepresentationTheory/Homological/GroupCohomology/Functoriality.lean,230,theorem,map_id_comp_H0Iso_hom,rfl,2,rfl
.lake/packages/mathlib/Mathlib/RepresentationTheory/Homological/GroupCohomology/Functoriality.lean,269,theorem,mapShortComplexH1_zero,rfl,1,rfl
.lake/packages/mathlib/Mathlib/RepresentationTheory/Homological/GroupCohomology/Functoriality.lean,274,theorem,mapShortComplexH1_id,rfl,1,rfl
.lake/packages/mathlib/Mathlib/RepresentationTheory/Homological/GroupCohomology/Functoriality.lean,424,theorem,mapShortComplexH2_zero,rfl,1,rfl
.lake/packages/mathlib/Mathlib/RepresentationTheory/Homological/GroupCohomology/LowDegree.lean,53,theorem,d,rfl,3,rfl
.lake/packages/mathlib/Mathlib/RepresentationTheory/Homological/GroupCohomology/LowDegree.lean,853,lemma,H1,rfl,2,rfl
.lake/packages/mathlib/Mathlib/RepresentationTheory/Homological/GroupCohomology/LowDegree.lean,931,lemma,H2,rfl,2,rfl
.lake/packages/mathlib/Mathlib/RepresentationTheory/Homological/ContCohomology/Functoriality.lean,89,lemma,cochainsMap_id,rfl,4,rfl
.lake/packages/mathlib/Mathlib/Logic/Equiv/Fintype.lean,105,theorem,extendSubtype_mem,rfl,3,rfl
.lake/packages/mathlib/Mathlib/Logic/Equiv/PartialEquiv.lean,201,theorem,copy_eq,rfl,3,rfl
.lake/packages/mathlib/Mathlib/Logic/Equiv/PartialEquiv.lean,215,lemma,toEquiv_eq_codRestrict_restrict,rfl,1,rfl
.lake/packages/mathlib/Mathlib/Logic/Equiv/Prod.lean,262,theorem,sigmaEquivProd_sigmaCongrRight,rfl,3,rfl
.lake/packages/mathlib/Mathlib/Logic/Equiv/Basic.lean,240,lemma,coe_subtypeEquiv_eq_map,rfl,2,rfl
.lake/packages/mathlib/Mathlib/Logic/Equiv/Basic.lean,609,theorem,swap_swap,rfl,2,rfl
.lake/packages/mathlib/Mathlib/Logic/Function/Iterate.lean,34,theorem,iterate_zero_apply,rfl,2,rfl
.lake/packages/mathlib/Mathlib/Logic/Function/Iterate.lean,149,theorem,iterate_succ_apply',rfl,2,rfl
.lake/packages/mathlib/Mathlib/Basic/NNReal/Basic.lean,102,theorem,mul_finset_sup,rfl,2,rfl
.lake/packages/mathlib/Mathlib/Basic/Complex/Basic.lean,469,theorem,conj_eq_iff_im,ring,2,ring
.lake/packages/mathlib/Mathlib/Basic/Complex/Basic.lean,639,theorem,sub_conj,ring,3,ring
.lake/packages/mathlib/Mathlib/Basic/Real/Basic.lean,109,theorem,ofCauchy_zero,rfl,2,rfl
.lake/packages/mathlib/Mathlib/Basic/Logic/Basic.lean,100,theorem,congr_arg_heq,rfl,4,rfl
.lake/packages/mathlib/Mathlib/Basic/ENNReal/Operations.lean,139,theorem,toNNReal_add,rfl,3,rfl
.lake/packages/mathlib/Mathlib/Basic/ENNReal/Action.lean,89,theorem,toReal_smul,rfl,2,rfl
.lake/packages/mathlib/Mathlib/Basic/ENNReal/BigOperators.lean,108,theorem,toReal_sum,rfl,2,rfl
.lake/packages/mathlib/Mathlib/Basic/ENNReal/Inv.lean,501,theorem,inv_three_add_inv_three,ring,2,ring
.lake/packages/mathlib/Mathlib/Basic/ENNReal/Real.lean,20,theorem,toReal_add,rfl,3,rfl
.lake/packages/mathlib/Mathlib/Basic/Sign/Basic.lean,54,theorem,univ_eq,decide,1,decide
.lake/packages/mathlib/Mathlib/CategoryTheory/Functor/Basic.lean,125,theorem,toPrefunctor_comp,rfl,5,rfl
.lake/packages/mathlib/Mathlib/CategoryTheory/GradedObject/Monoidal.lean,97,lemma,id_tensorHom_id,rfl,3,rfl
.lake/packages/mathlib/Mathlib/CategoryTheory/GradedObject/Monoidal.lean,177,lemma,example@L177,rfl,2,rfl
.lake/packages/mathlib/Mathlib/CategoryTheory/GradedObject/Monoidal.lean,219,lemma,example@L219,rfl,2,rfl
.lake/packages/mathlib/Mathlib/CategoryTheory/GradedObject/Monoidal.lean,329,lemma,example@L329,rfl,2,rfl
.lake/packages/mathlib/Mathlib/CategoryTheory/GradedObject/Trifunctor.lean,257,lemma,example@L257,rfl,2,rfl
.lake/packages/mathlib/Mathlib/CategoryTheory/GradedObject/Trifunctor.lean,428,lemma,example@L428,rfl,2,rfl
.lake/packages/mathlib/Mathlib/CategoryTheory/Category/ULift.lean,127,theorem,down_comp,rfl,2,rfl
.lake/packages/mathlib/Mathlib/CategoryTheory/Category/Quiv.lean,170,lemma,homOfEq_map_homOfEq,rfl,2,rfl
.lake/packages/mathlib/Mathlib/CategoryTheory/GuitartExact/KanExtension.lean,138,lemma,hasPointwiseLeftKanExtensionAt_iff,rfl,3,rfl
.lake/packages/mathlib/Mathlib/CategoryTheory/GuitartExact/KanExtension.lean,167,lemma,hasPointwiseRightKanExtensionAt_iff,rfl,3,rfl
.lake/packages/mathlib/Mathlib/CategoryTheory/GuitartExact/HorizontalComposition.lean,45,lemma,whiskerHorizontal_iff,rfl,3,rfl
.lake/packages/mathlib/Mathlib/CategoryTheory/GuitartExact/HorizontalComposition.lean,114,lemma,hComp_iff_of_essSurj,rfl,5,rfl
.lake/packages/mathlib/Mathlib/CategoryTheory/Discrete/Basic.lean,328,lemma,obj_ext_of_isDiscrete,rfl,3,rfl
.lake/packages/mathlib/Mathlib/CategoryTheory/Shift/Opposite.lean,59,lemma,oppositeShiftFunctorZero_inv_app,rfl,4,rfl
.lake/packages/mathlib/Mathlib/CategoryTheory/Shift/Opposite.lean,75,lemma,oppositeShiftFunctorAdd_inv_app,rfl,4,rfl
.lake/packages/mathlib/Mathlib/CategoryTheory/Shift/CommShift.lean,478,lemma,shiftFunctorIso_ofHasShiftOfFullyFaithful,rfl,1,rfl
.lake/packages/mathlib/Mathlib/CategoryTheory/Shift/ShiftedHomOpposite.lean,69,lemma,opEquiv'_symm_apply,rfl,1,rfl
.lake/packages/mathlib/Mathlib/CategoryTheory/Shift/SingleFunctors.lean,79,lemma,shiftIso_zero_hom_app,rfl,2,rfl
.lake/packages/mathlib/Mathlib/CategoryTheory/Shift/SingleFunctors.lean,85,lemma,shiftIso_zero_inv_app,rfl,2,rfl
.lake/packages/mathlib/Mathlib/CategoryTheory/Shift/Basic.lean,66,lemma,assoc_inv_app,rfl,5,rfl
.lake/packages/mathlib/Mathlib/CategoryTheory/Shift/Basic.lean,181,lemma,ShiftMkCore.shiftFunctorAdd_eq,rfl,5,rfl
.lake/packages/mathlib/Mathlib/CategoryTheory/Shift/Basic.lean,208,lemma,shiftFunctorAdd'_add_zero,rfl,5,rfl
.lake/packages/mathlib/Mathlib/CategoryTheory/Shift/Basic.lean,451,theorem,shift_shiftFunctorCompIsoId_inv_app,rfl,4,rfl
.lake/packages/mathlib/Mathlib/CategoryTheory/Shift/Basic.lean,553,theorem,shift_zero_eq_zero,rfl,3,rfl
.lake/packages/mathlib/Mathlib/CategoryTheory/Shift/Basic.lean,581,lemma,shiftFunctorComm_symm,rfl,4,rfl
.lake/packages/mathlib/Mathlib/CategoryTheory/Shift/Localization.lean,35,lemma,iff,rfl,2,rfl
.lake/packages/mathlib/Mathlib/CategoryTheory/Shift/Pullback.lean,59,lemma,pullbackShiftFunctorZero_hom_app,rfl,3,rfl
.lake/packages/mathlib/Mathlib/CategoryTheory/Shift/Pullback.lean,76,lemma,pullbackShiftFunctorZero'_hom_app,rfl,3,rfl
.lake/packages/mathlib/Mathlib/CategoryTheory/Shift/Pullback.lean,103,lemma,pullbackShiftFunctorAdd'_hom_app,rfl,5,rfl
.lake/packages/mathlib/Mathlib/CategoryTheory/Shift/Pullback.lean,161,lemma,commShiftPullback_iso_eq,rfl,2,rfl
.lake/packages/mathlib/Mathlib/CategoryTheory/MorphismProperty/IsInvertedBy.lean,90,lemma,FunctorsInverting.ext,rfl,4,rfl
.lake/packages/mathlib/Mathlib/CategoryTheory/MorphismProperty/Comma.lean,278,lemma,eqToHom_left,rfl,2,rfl
.lake/packages/mathlib/Mathlib/CategoryTheory/MorphismProperty/Comma.lean,284,lemma,eqToHom_right,rfl,2,rfl
.lake/packages/mathlib/Mathlib/CategoryTheory/MorphismProperty/OfObjectProperty.lean,36,lemma,ofObjectProperty_inverseImage,rfl,1,rfl
.lake/packages/mathlib/Mathlib/CategoryTheory/MorphismProperty/Limits.lean,545,lemma,colimitsOfShape_colimMap,rfl,3,rfl } h _ (by simp)
.lake/packages/mathlib/Mathlib/CategoryTheory/MorphismProperty/Limits.lean,862,theorem,universally_inf,rfl,4,rfl
.lake/packages/mathlib/Mathlib/CategoryTheory/SmallObject/WellOrderInductionData.lean,97,lemma,val_injective,rfl,4,rfl
.lake/packages/mathlib/Mathlib/CategoryTheory/SmallObject/WellOrderInductionData.lean,131,lemma,compatibility,rfl,2,rfl
.lake/packages/mathlib/Mathlib/CategoryTheory/SmallObject/IsCardinalForSmallObjectArgument.lean,343,lemma,rlp_,rfl,2,rfl
.lake/packages/mathlib/Mathlib/CategoryTheory/SmallObject/IsCardinalForSmallObjectArgument.lean,358,lemma,objMap_comp,rfl,2,rfl
.lake/packages/mathlib/Mathlib/CategoryTheory/Limits/HasLimits.lean,246,theorem,limit.hom_ext,rfl,3,rfl
.lake/packages/mathlib/Mathlib/CategoryTheory/Limits/HasLimits.lean,419,theorem,limit.lift_post,rfl,3,rfl
.lake/packages/mathlib/Mathlib/CategoryTheory/Limits/IndYoneda.lean,183,lemma,colimitYonedaHomIsoLimit_,rfl,5,rfl
.lake/packages/mathlib/Mathlib/CategoryTheory/Limits/IndYoneda.lean,231,lemma,colimitCoyonedaHomIsoLimit'_,rfl,5,rfl
.lake/packages/mathlib/Mathlib/CategoryTheory/Limits/IndYoneda.lean,278,lemma,colimitYonedaHomIsoLimit'_,rfl,5,rfl
.lake/packages/mathlib/Mathlib/CategoryTheory/Limits/Presheaf.lean,82,lemma,restrictedULiftYonedaHomEquiv'_symm_naturality_right,rfl,1,rfl
.lake/packages/mathlib/Mathlib/CategoryTheory/Comma/Basic.lean,123,theorem,eqToHom_left,rfl,2,rfl
.lake/packages/mathlib/Mathlib/CategoryTheory/Comma/Basic.lean,129,theorem,eqToHom_right,rfl,2,rfl
.lake/packages/mathlib/Mathlib/CategoryTheory/Comma/Arrow.lean,52,theorem,id_left,rfl,2,rfl
.lake/packages/mathlib/Mathlib/CategoryTheory/Subfunctor/Basic.lean,149,theorem,homOfLe_,rfl,2,rfl
.lake/packages/mathlib/Mathlib/CategoryTheory/WithTerminal/Basic.lean,246,theorem,lift_map_liftStar,rfl,2,rfl
.lake/packages/mathlib/Mathlib/CategoryTheory/Sites/LocallySurjective.lean,91,theorem,isLocallySurjective_iff_whisker_forget,rfl,2,rfl
.lake/packages/mathlib/Mathlib/CategoryTheory/Sites/Monoidal.lean,69,lemma,functorEnrichedHomCoyonedaObjEquiv_naturality,rfl,4,rfl
.lake/packages/mathlib/Mathlib/CategoryTheory/Sites/IsSheafFor.lean,237,lemma,FamilyOfElements.map_id,rfl,1,rfl
.lake/packages/mathlib/Mathlib/CategoryTheory/Sites/Over.lean,107,lemma,overEquiv_symm_pullback,rfl,1,rfl
.lake/packages/mathlib/Mathlib/CategoryTheory/Sites/Over.lean,235,lemma,mem_over_iff,rfl,1,rfl
.lake/packages/mathlib/Mathlib/CategoryTheory/Sites/SheafHom.lean,39,lemma,presheafHom_map_app,rfl,2,rfl
.lake/packages/mathlib/Mathlib/CategoryTheory/Sites/Plus.lean,290,theorem,isoToPlus_inv,rfl,3,rfl
.lake/packages/mathlib/Mathlib/CategoryTheory/Sites/LocalSite.lean,67,lemma,toPresheafFiber_pointPresheafFiberIso_hom,rfl,2,rfl
.lake/packages/mathlib/Mathlib/CategoryTheory/Sites/MorphismProperty.lean,120,lemma,pretopology_monotone,rfl,3,rfl
.lake/packages/mathlib/Mathlib/CategoryTheory/Sites/Types.lean,115,theorem,eval_map,rfl,2,rfl
.lake/packages/mathlib/Mathlib/CategoryTheory/Sites/Subcanonical.lean,25,theorem,yonedaEquiv_apply,rfl,2,rfl
.lake/packages/mathlib/Mathlib/CategoryTheory/Sites/Subcanonical.lean,55,lemma,yonedaEquiv_symm_naturality_left,rfl,4,rfl
.lake/packages/mathlib/Mathlib/CategoryTheory/Sites/Subcanonical.lean,146,lemma,uliftYonedaEquiv_symm_naturality_left,rfl,4,rfl
.lake/packages/mathlib/Mathlib/CategoryTheory/Sites/Equivalence.lean,243,lemma,W_whiskerLeft_iff,rfl,2,rfl
.lake/packages/mathlib/Mathlib/CategoryTheory/Sites/ConcreteSheafification.lean,42,lemma,congr_apply,rfl,2,rfl
.lake/packages/mathlib/Mathlib/CategoryTheory/Abelian/RightDerived.lean,35,lemma,InjectiveResolution.isoRightDerivedToHomotopyCategoryObj_hom_naturality,rfl,5,rfl
.lake/packages/mathlib/Mathlib/CategoryTheory/Abelian/RightDerived.lean,156,lemma,NatTrans.rightDerivedToHomotopyCategory_id,rfl,3,rfl
.lake/packages/mathlib/Mathlib/CategoryTheory/Abelian/LeftDerived.lean,34,lemma,ProjectiveResolution.isoLeftDerivedToHomotopyCategoryObj_inv_naturality,rfl,4,rfl
.lake/packages/mathlib/Mathlib/CategoryTheory/Abelian/LeftDerived.lean,153,lemma,NatTrans.leftDerivedToHomotopyCategory_id,rfl,3,rfl
.lake/packages/mathlib/Mathlib/CategoryTheory/Monoidal/Mod.lean,92,lemma,smul_eq_mul,rfl,4,rfl
.lake/packages/mathlib/Mathlib/CategoryTheory/Monoidal/Mod.lean,288,lemma,hom_ext,rfl,1,rfl
.lake/packages/mathlib/Mathlib/CategoryTheory/Monoidal/Comon_.lean,301,theorem,tensorObj_X,rfl,1,rfl
.lake/packages/mathlib/Mathlib/CategoryTheory/Pi/Basic.lean,179,theorem,eqToHom_proj,rfl,2,rfl
.lake/packages/mathlib/Mathlib/CategoryTheory/Action/Concrete.lean,170,lemma,quotientToEndHom_mk,rfl,3,rfl
.lake/packages/mathlib/Mathlib/CategoryTheory/Enriched/Basic.lean,208,theorem,ForgetEnrichment.homTo_id,rfl,2,rfl
.lake/packages/mathlib/Mathlib/CategoryTheory/Galois/Basic.lean,206,lemma,fiberEqualizerEquiv_symm_,rfl,4,rfl
.lake/packages/mathlib/Mathlib/CategoryTheory/Galois/Basic.lean,221,lemma,fiberPullbackEquiv_symm_fst_apply,rfl,5,rfl
.lake/packages/mathlib/Mathlib/CategoryTheory/Galois/Basic.lean,231,lemma,fiberPullbackEquiv_symm_snd_apply,rfl,5,rfl
.lake/packages/mathlib/Mathlib/CategoryTheory/Galois/Basic.lean,247,lemma,fiberBinaryProductEquiv_symm_fst_apply,rfl,4,rfl
.lake/packages/mathlib/Mathlib/CategoryTheory/Galois/Basic.lean,255,lemma,fiberBinaryProductEquiv_symm_snd_apply,rfl,4,rfl
.lake/packages/mathlib/Mathlib/CategoryTheory/Galois/Prorepresentability.lean,322,lemma,autMulEquivAutGalois_,rfl,3,rfl
.lake/packages/mathlib/Mathlib/CategoryTheory/Galois/Prorepresentability.lean,331,lemma,autMulEquivAutGalois_symm_app,rfl,2,rfl
.lake/packages/mathlib/Mathlib/CategoryTheory/Bicategory/CatEnriched.lean,153,theorem,homEquiv_id,rfl,4,rfl
.lake/packages/mathlib/Mathlib/CategoryTheory/Bicategory/CatEnriched.lean,159,theorem,homEquiv_comp,rfl,4,rfl
.lake/packages/mathlib/Mathlib/CategoryTheory/Monad/Basic.lean,201,theorem,monadToFunctor_mapIso_monad_iso_mk,rfl,2,rfl
.lake/packages/mathlib/Mathlib/CategoryTheory/Monad/Basic.lean,218,theorem,comonadToFunctor_mapIso_comonad_iso_mk,rfl,2,rfl
.lake/packages/mathlib/Mathlib/CategoryTheory/Subobject/Lattice.lean,425,theorem,inf_eq_map_pullback',rfl,2,rfl
.lake/packages/mathlib/Mathlib/CategoryTheory/Adjunction/Unique.lean,53,theorem,leftAdjointUniq_hom_app_counit,rfl,2,rfl
.lake/packages/mathlib/Mathlib/CategoryTheory/Adjunction/Unique.lean,71,theorem,leftAdjointUniq_trans_app,rfl,2,rfl
.lake/packages/mathlib/Mathlib/CategoryTheory/Adjunction/Unique.lean,132,theorem,rightAdjointUniq_trans_app,rfl,2,rfl
.lake/packages/mathlib/Mathlib/CategoryTheory/Localization/CalculusOfFractions.lean,908,lemma,equivalenceRightFractionRel,rfl,4,rfl
.lake/packages/mathlib/Mathlib/CategoryTheory/Localization/Construction.lean,199,theorem,morphismProperty_eq_top',rfl,2,rfl
.lake/packages/mathlib/Mathlib/CategoryTheory/Localization/Bousfield.lean,199,lemma,isLocal_eq_inverseImage_isomorphisms,rfl,3,rfl
.lake/packages/mathlib/Mathlib/CategoryTheory/Localization/Bousfield.lean,233,lemma,isColocal_eq_inverseImage_isomorphisms,rfl,3,rfl
.lake/packages/mathlib/Mathlib/CategoryTheory/Localization/SmallShiftedHom.lean,182,lemma,equiv_shift,rfl,4,rfl
.lake/packages/mathlib/Mathlib/CategoryTheory/Localization/SmallShiftedHom.lean,194,lemma,equiv_comp,rfl,5,rfl
.lake/packages/mathlib/Mathlib/CategoryTheory/Groupoid/Grpd/Basic.lean,113,theorem,piIsoPi_hom_,rfl,2,rfl
.lake/packages/mathlib/Mathlib/CategoryTheory/SmallObject/Iteration/Basic.lean,106,lemma,prop.succ_eq,rfl,2,rfl
.lake/packages/mathlib/Mathlib/CategoryTheory/SmallObject/Iteration/Basic.lean,354,lemma,congr_arrowMap,rfl,4,rfl
.lake/packages/mathlib/Mathlib/CategoryTheory/Limits/Types/Products.lean,178,theorem,productIso_hom_comp_eval,rfl,1,rfl
.lake/packages/mathlib/Mathlib/CategoryTheory/Limits/Types/ColimitType.lean,288,lemma,IsColimit.precompose,rfl,4,rfl
.lake/packages/mathlib/Mathlib/CategoryTheory/Limits/Types/Equalizers.lean,68,theorem,equalizerIso_hom_comp_subtype,rfl,1,rfl
.lake/packages/mathlib/Mathlib/CategoryTheory/Limits/Types/Limits.lean,58,theorem,isLimitEquivSections_apply,rfl,2,rfl
.lake/packages/mathlib/Mathlib/CategoryTheory/Limits/Types/Images.lean,39,theorem,Image.lift_fac,rfl,4,rfl
.lake/packages/mathlib/Mathlib/CategoryTheory/Limits/FormalCoproducts/Basic.lean,50,lemma,hom_ext,rfl,5,rfl
.lake/packages/mathlib/Mathlib/CategoryTheory/Limits/Shapes/Multiequalizer.lean,486,theorem,app_left_eq_,rfl,2,rfl
.lake/packages/mathlib/Mathlib/CategoryTheory/Limits/Shapes/Multiequalizer.lean,496,theorem,app_right_eq_,rfl,2,rfl
.lake/packages/mathlib/Mathlib/CategoryTheory/Limits/Shapes/Multiequalizer.lean,767,theorem,example@L767,rfl,2,rfl
.lake/packages/mathlib/Mathlib/CategoryTheory/Limits/Shapes/Multiequalizer.lean,776,theorem,snd_app_right,rfl,2,rfl
.lake/packages/mathlib/Mathlib/CategoryTheory/Limits/Shapes/Multiequalizer.lean,1050,theorem,example@L1050,rfl,4,rfl
.lake/packages/mathlib/Mathlib/CategoryTheory/Limits/Shapes/Multiequalizer.lean,1132,theorem,example@L1132,rfl,3,rfl
.lake/packages/mathlib/Mathlib/CategoryTheory/Limits/Shapes/Opposites/Products.lean,153,theorem,opCoproductIsoProduct_inv_comp_,rfl,5,rfl
.lake/packages/mathlib/Mathlib/CategoryTheory/Limits/Shapes/Opposites/Products.lean,245,theorem,example@L245,rfl,5,rfl
.lake/packages/mathlib/Mathlib/CategoryTheory/Limits/Shapes/Pullback/Cospan.lean,358,theorem,cospanExt_hom_app_right,rfl,1,rfl
.lake/packages/mathlib/Mathlib/CategoryTheory/Comma/Over/Basic.lean,122,lemma,eqToHom_left,rfl,2,rfl
.lake/packages/mathlib/Mathlib/CategoryTheory/Comma/Over/Basic.lean,657,lemma,homMk_eta,rfl,2,rfl
.lake/packages/mathlib/Mathlib/CategoryTheory/Sites/SheafCohomology/Basic.lean,88,lemma,H.addEquiv,rfl,4,rfl
.lake/packages/mathlib/Mathlib/CategoryTheory/Sites/SheafCohomology/Basic.lean,95,theorem,H.equiv,rfl,2,rfl
.lake/packages/mathlib/Mathlib/CategoryTheory/Sites/Sieves/Functoriality.lean,182,theorem,functorPullback_arrows,rfl,2,rfl
.lake/packages/mathlib/Mathlib/CategoryTheory/Sites/Sieves/Functoriality.lean,191,theorem,functorPullback_comp,rfl,2,rfl
.lake/packages/mathlib/Mathlib/CategoryTheory/Sites/Sieves/Basic.lean,39,theorem,arrows_ext,rfl,2,rfl
.lake/packages/mathlib/Mathlib/CategoryTheory/Sites/Descent/Precoverage.lean,105,lemma,fac,rfl,2,rfl
.lake/packages/mathlib/Mathlib/CategoryTheory/Sites/Descent/DescentDataPrime.lean,43,lemma,pullHom'_eq_pullHom,rfl,3,rfl
.lake/packages/mathlib/Mathlib/CategoryTheory/Sites/Hypercover/Saturate.lean,47,lemma,isLimit_saturate_type_iff,rfl,3,rfl
.lake/packages/mathlib/Mathlib/CategoryTheory/Sites/Hypercover/SheafOfTypes.lean,43,lemma,isLimit_toPreOneHypercover_type_iff,rfl,3,rfl
.lake/packages/mathlib/Mathlib/CategoryTheory/Monoidal/Closed/Basic.lean,156,theorem,uncurry_natural_left,rfl,1,rfl
.lake/packages/mathlib/Mathlib/CategoryTheory/Monoidal/Closed/Basic.lean,438,lemma,curry'_injective,rfl,3,rfl
.lake/packages/mathlib/Mathlib/CategoryTheory/Monoidal/Braided/Multifunctor.lean,72,example,example@L72,rfl,1,rfl
.lake/packages/mathlib/Mathlib/CategoryTheory/Monoidal/Braided/Multifunctor.lean,76,example,example@L76,rfl,1,rfl
.lake/packages/mathlib/Mathlib/CategoryTheory/Monoidal/Braided/Multifunctor.lean,80,example,example@L80,rfl,1,rfl
.lake/packages/mathlib/Mathlib/CategoryTheory/Triangulated/Opposite/OpOp.lean,35,lemma,iso_hom_app,rfl,2,rfl
.lake/packages/mathlib/Mathlib/CategoryTheory/Triangulated/Opposite/OpOp.lean,43,lemma,iso_inv_app,rfl,2,rfl
.lake/packages/mathlib/Mathlib/CategoryTheory/Triangulated/Opposite/OpOp.lean,67,lemma,iso_hom_app,rfl,2,rfl
.lake/packages/mathlib/Mathlib/CategoryTheory/Triangulated/Opposite/OpOp.lean,75,lemma,iso_inv_app,rfl,2,rfl
.lake/packages/mathlib/Mathlib/CategoryTheory/Triangulated/Opposite/Basic.lean,66,lemma,shiftFunctorAdd'_op_hom_app,rfl,4,rfl
.lake/packages/mathlib/Mathlib/CategoryTheory/Triangulated/Opposite/Basic.lean,119,lemma,opShiftFunctorEquivalence_unitIso_hom_app,rfl,2,rfl
.lake/packages/mathlib/Mathlib/CategoryTheory/Triangulated/Opposite/Basic.lean,130,lemma,opShiftFunctorEquivalence_unitIso_inv_app,rfl,2,rfl
.lake/packages/mathlib/Mathlib/CategoryTheory/Triangulated/Opposite/Basic.lean,141,lemma,opShiftFunctorEquivalence_counitIso_hom_app,rfl,2,rfl
.lake/packages/mathlib/Mathlib/CategoryTheory/Triangulated/Opposite/Basic.lean,153,lemma,opShiftFunctorEquivalence_counitIso_inv_app,rfl,2,rfl
.lake/packages/mathlib/Mathlib/CategoryTheory/Triangulated/Opposite/Functor.lean,60,lemma,op_commShiftIso_hom_app,rfl,2,rfl
.lake/packages/mathlib/Mathlib/CategoryTheory/Triangulated/Opposite/Pretriangulated.lean,32,lemma,mem_distinguishedTriangles_iff,rfl,1,rfl
.lake/packages/mathlib/Mathlib/CategoryTheory/Triangulated/Opposite/Pretriangulated.lean,139,lemma,mem_distTriang_op_iff,rfl,1,rfl
.lake/packages/mathlib/Mathlib/CategoryTheory/Triangulated/TStructure/ETrunc.lean,149,lemma,eTruncLT_map_app_eTruncLT,rfl,2,rfl
.lake/packages/mathlib/Mathlib/CategoryTheory/Triangulated/TStructure/ETrunc.lean,180,lemma,eTruncGE,rfl,2,rfl
.lake/packages/mathlib/Mathlib/CategoryTheory/Localization/Monoidal/Basic.lean,207,lemma,associator_hom_app,rfl,4,rfl
.lake/packages/mathlib/Mathlib/CategoryTheory/Localization/Monoidal/Braided.lean,41,lemma,braidingNatIso_hom_app,rfl,2,rfl
.lake/packages/mathlib/Mathlib/CategoryTheory/Localization/DerivabilityStructure/Basic.lean,113,lemma,isLeftDerivabilityStructure_iff,rfl,4,rfl
.lake/packages/mathlib/Mathlib/GroupTheory/Coset/Basic.lean,204,lemma,leftRel_prod,rfl,4,rfl
.lake/packages/mathlib/Mathlib/GroupTheory/Coset/Basic.lean,224,lemma,rightRel_prod,rfl,4,rfl
.lake/packages/mathlib/Mathlib/GroupTheory/Coset/Basic.lean,503,lemma,univ_eq_iUnion_smul,rfl,2,rfl
.lake/packages/mathlib/Mathlib/GroupTheory/QuotientGroup/Basic.lean,80,theorem,kerLift_injective,rfl,3,rfl
.lake/packages/mathlib/Mathlib/GroupTheory/QuotientGroup/Basic.lean,185,theorem,homQuotientZPowOfHom_comp_of_rightInverse,rfl,3,rfl
.lake/packages/mathlib/Mathlib/GroupTheory/QuotientGroup/Basic.lean,207,theorem,equivQuotientZPowOfEquiv_symm,rfl,3,rfl
.lake/packages/mathlib/Mathlib/GroupTheory/QuotientGroup/Defs.lean,369,theorem,congr_mk,rfl,2,rfl
.lake/packages/mathlib/Mathlib/GroupTheory/Perm/Sign.lean,515,theorem,sign_prodCongrLeft,rfl,3,rfl
.lake/packages/mathlib/Mathlib/GroupTheory/GroupAction/ConjAct.lean,145,theorem,coe_smul,rfl,1,rfl
.lake/packages/mathlib/Mathlib/GroupTheory/GroupAction/ConjAct.lean,211,theorem,Subgroup.val_conj_smul,rfl,3,rfl
.lake/packages/mathlib/Mathlib/GroupTheory/GroupAction/Defs.lean,337,lemma,orbitRel.Quotient.quotient_smul_eq,rfl,3,rfl
.lake/packages/mathlib/Mathlib/GroupTheory/GroupAction/Defs.lean,359,theorem,orbitRel.Quotient.orbit_eq_orbit_out,rfl,2,rfl
.lake/packages/mathlib/Mathlib/GroupTheory/GroupAction/OfQuotient.lean,24,lemma,coe_quotient_smul_fixedPoints,rfl,2,rfl
.lake/packages/mathlib/Mathlib/GroupTheory/GroupAction/FixedPoints.lean,33,theorem,smul_mem_fixedBy_iff_mem_fixedBy,rfl,2,rfl
.lake/packages/mathlib/Mathlib/GroupTheory/GroupAction/Hom.lean,242,lemma,inverse_eq_inverse',rfl,1,rfl
.lake/packages/mathlib/Mathlib/GroupTheory/GroupAction/Hom.lean,681,theorem,id_apply,rfl,1,rfl
.lake/packages/mathlib/Mathlib/GroupTheory/Abelianization/Defs.lean,159,theorem,abelianizationCongr_symm,rfl,2,rfl }
.lake/packages/mathlib/Mathlib/GroupTheory/Congruence/Defs.lean,258,theorem,sInf_toSetoid,rfl,3,rfl
.lake/packages/mathlib/Mathlib/GroupTheory/SpecificGroups/Alternating.lean,49,theorem,prod_list_swap_mem_alternatingGroup_iff_even_length,decide,2,decide
.lake/packages/mathlib/Mathlib/GroupTheory/SpecificGroups/Alternating.lean,358,theorem,ofSubtype_inj,rfl,1,rfl
.lake/packages/mathlib/Mathlib/GroupTheory/SpecificGroups/Alternating.lean,373,theorem,ofSubtype_comp_subtype,rfl,1,rfl
.lake/packages/mathlib/Mathlib/GroupTheory/SpecificGroups/Dihedral.lean,267,lemma,card_commute_odd,ring,3,ring
.lake/packages/mathlib/Mathlib/GroupTheory/SpecificGroups/Quaternion.lean,72,theorem,a_mul_a,rfl,1,rfl
.lake/packages/mathlib/Mathlib/GroupTheory/SpecificGroups/Quaternion.lean,129,theorem,card,ring,2,ring
.lake/packages/mathlib/Mathlib/GroupTheory/FreeGroup/Orbit.lean,49,lemma,startsWith.smul_def,rfl,1,rfl
.lake/packages/mathlib/Mathlib/GroupTheory/Perm/Cycle/Type.lean,548,theorem,parts_partition,decide,4,decide
.lake/packages/mathlib/Mathlib/GroupTheory/Perm/Cycle/Type.lean,624,theorem,sign,rfl,2,rfl
.lake/packages/mathlib/Mathlib/GroupTheory/Perm/Cycle/Type.lean,640,theorem,isThreeCycle_sq,norm_num,3,norm_num
.lake/packages/mathlib/Mathlib/GroupTheory/SpecificGroups/Alternating/KleinFour.lean,49,theorem,card_of_card_eq_four,decide,5,decide
.lake/packages/mathlib/Mathlib/AlgebraicTopology/DoldKan/FunctorGamma.lean,85,theorem,mapMono_,rfl,4,rfl
.lake/packages/mathlib/Mathlib/AlgebraicTopology/DoldKan/GammaCompN.lean,80,theorem,N,rfl,3,rfl
.lake/packages/mathlib/Mathlib/AlgebraicTopology/DoldKan/GammaCompN.lean,87,theorem,N,rfl,3,rfl
.lake/packages/mathlib/Mathlib/AlgebraicTopology/DoldKan/Homotopies.lean,108,theorem,map_h,rfl,5,rfl
.lake/packages/mathlib/Mathlib/AlgebraicTopology/Reedy/Basic.lean,84,lemma,unique_obj,rfl,3,rfl
.lake/packages/mathlib/Mathlib/AlgebraicTopology/Reedy/Basic.lean,101,lemma,degHom_eq,rfl,3,rfl
.lake/packages/mathlib/Mathlib/AlgebraicTopology/FundamentalGroupoid/Basic.lean,83,theorem,transReflReparamAux_zero,norm_num,1,norm_num [transReflReparamAux]
.lake/packages/mathlib/Mathlib/AlgebraicTopology/FundamentalGroupoid/Basic.lean,86,theorem,transReflReparamAux_one,norm_num,1,norm_num [transReflReparamAux]
.lake/packages/mathlib/Mathlib/AlgebraicTopology/FundamentalGroupoid/Basic.lean,128,theorem,transAssocReparamAux_zero,norm_num,1,norm_num [transAssocReparamAux]
.lake/packages/mathlib/Mathlib/AlgebraicTopology/FundamentalGroupoid/Basic.lean,131,theorem,transAssocReparamAux_one,norm_num,1,norm_num [transAssocReparamAux]
.lake/packages/mathlib/Mathlib/AlgebraicTopology/SimplicialObject/Split.lean,251,theorem,cofan_inj_epi_naturality,rfl,3,rfl
.lake/packages/mathlib/Mathlib/AlgebraicTopology/ModelCategory/CategoryWithCofibrations.lean,96,lemma,trivialFibrations_sub_fibrations,rfl,2,rfl
.lake/packages/mathlib/Mathlib/AlgebraicTopology/ModelCategory/CategoryWithCofibrations.lean,122,lemma,trivialCofibrations_sub_cofibrations,rfl,2,rfl
.lake/packages/mathlib/Mathlib/AlgebraicTopology/ModelCategory/CategoryWithCofibrations.lean,260,lemma,weakEquivalence_iff_of_objectProperty,rfl,2,rfl
.lake/packages/mathlib/Mathlib/AlgebraicTopology/ModelCategory/Bifibrant.lean,36,lemma,mk_surjective,rfl,2,rfl
.lake/packages/mathlib/Mathlib/AlgebraicTopology/ModelCategory/Bifibrant.lean,90,lemma,mk_surjective,rfl,2,rfl
.lake/packages/mathlib/Mathlib/AlgebraicTopology/ModelCategory/Bifibrant.lean,157,lemma,mk_surjective,rfl,2,rfl
.lake/packages/mathlib/Mathlib/AlgebraicTopology/SimplicialSet/Horn.lean,31,lemma,mem_horn_iff,rfl,3,rfl
.lake/packages/mathlib/Mathlib/AlgebraicTopology/SimplicialSet/Horn.lean,311,lemma,faceSingletonComplIso_inv_,rfl,2,rfl
.lake/packages/mathlib/Mathlib/AlgebraicTopology/SimplicialSet/CategoryWithFibrations.lean,59,lemma,cofibrations_eq,rfl,2,rfl
.lake/packages/mathlib/Mathlib/AlgebraicTopology/SimplicialSet/CategoryWithFibrations.lean,71,lemma,fibration_iff,rfl,2,rfl
.lake/packages/mathlib/Mathlib/AlgebraicTopology/SimplicialSet/Nerve.lean,107,theorem,example@L107,rfl,2,rfl
.lake/packages/mathlib/Mathlib/AlgebraicTopology/SimplicialSet/Nerve.lean,131,lemma,right_edge,rfl,2,rfl
.lake/packages/mathlib/Mathlib/AlgebraicTopology/SimplicialSet/HomotopyCat.lean,62,lemma,homOfEq_edge,rfl,2,rfl
.lake/packages/mathlib/Mathlib/AlgebraicTopology/SimplicialSet/HomotopyCat.lean,229,lemma,ext,rfl,4,rfl
.lake/packages/mathlib/Mathlib/AlgebraicTopology/SimplicialSet/HomotopyCat.lean,247,lemma,congr_arrowMk_homMk,rfl,4,rfl
.lake/packages/mathlib/Mathlib/AlgebraicTopology/SimplicialSet/HomotopyCat.lean,257,lemma,homMk_id,rfl,3,rfl
.lake/packages/mathlib/Mathlib/AlgebraicTopology/SimplicialSet/HomotopyCat.lean,400,lemma,mkNatIso_inv_app_mk,rfl,4,rfl
.lake/packages/mathlib/Mathlib/AlgebraicTopology/SimplicialSet/Simplices.lean,41,lemma,dim_eq_of_eq,rfl,3,rfl
.lake/packages/mathlib/Mathlib/AlgebraicTopology/SimplicialSet/Boundary.lean,157,lemma,example@L157,rfl,2,rfl
.lake/packages/mathlib/Mathlib/AlgebraicTopology/SimplicialSet/Subcomplex.lean,131,lemma,ofSimplex_,rfl,3,rfl
.lake/packages/mathlib/Mathlib/AlgebraicTopology/SimplicialSet/Basic.lean,26,lemma,hom_ext,rfl,4,rfl
.lake/packages/mathlib/Mathlib/AlgebraicTopology/SimplicialSet/TopAdj.lean,97,lemma,toSSetObjEquiv_,rfl,5,rfl
.lake/packages/mathlib/Mathlib/AlgebraicTopology/SimplicialSet/TopAdj.lean,128,lemma,TopCat.stdSimplexHomeomorphI_vertex_zero,rfl,2,rfl
.lake/packages/mathlib/Mathlib/AlgebraicTopology/SimplicialSet/TopAdj.lean,134,lemma,TopCat.stdSimplexHomeomorphI_vertex_one,rfl,2,rfl
.lake/packages/mathlib/Mathlib/AlgebraicTopology/SimplicialSet/Path.lean,117,lemma,map_arrow,rfl,5,rfl
.lake/packages/mathlib/Mathlib/AlgebraicTopology/SimplicialSet/ProdStdSimplex.lean,56,lemma,objEquiv_map_apply,rfl,4,rfl
.lake/packages/mathlib/Mathlib/AlgebraicTopology/SimplicialSet/ProdStdSimplex.lean,79,lemma,nonDegenerate_iff_strictMono_objEquiv,rfl,3,rfl
.lake/packages/mathlib/Mathlib/AlgebraicTopology/SimplicialSet/NonDegenerateSimplices.lean,128,lemma,cast_eq_self,rfl,2,rfl
.lake/packages/mathlib/Mathlib/AlgebraicTopology/SimplicialSet/NonDegenerateSimplices.lean,205,lemma,eq_iff_ofSimplex_eq,rfl,4,rfl
.lake/packages/mathlib/Mathlib/AlgebraicTopology/SimplicialSet/HoFunctorMonoidal.lean,289,lemma,inverse_comp_mapHomotopyCategory_fst,rfl,2,rfl
.lake/packages/mathlib/Mathlib/AlgebraicTopology/SimplicialSet/HoFunctorMonoidal.lean,303,lemma,right_unitality,rfl,2,rfl
.lake/packages/mathlib/Mathlib/AlgebraicTopology/SimplicialSet/HoFunctorMonoidal.lean,342,lemma,associativity'Iso_hom_app,rfl,3,rfl
.lake/packages/mathlib/Mathlib/AlgebraicTopology/SimplicialSet/NonDegenerateSimplicesSubcomplex.lean,73,lemma,le_iff,rfl,2,rfl
.lake/packages/mathlib/Mathlib/AlgebraicTopology/SimplicialSet/StdSimplex.lean,116,lemma,objMk_apply,rfl,1,rfl
.lake/packages/mathlib/Mathlib/AlgebraicTopology/SimplicialSet/StdSimplex.lean,193,lemma,opObjEquiv_symm_yonedaEquiv_const,rfl,1,rfl
.lake/packages/mathlib/Mathlib/AlgebraicTopology/SimplicialSet/StdSimplex.lean,220,lemma,const_down_toOrderHom,decide,1,decide
.lake/packages/mathlib/Mathlib/AlgebraicTopology/SimplicialSet/StdSimplex.lean,234,lemma,example@L234,decide,1,decide
.lake/packages/mathlib/Mathlib/AlgebraicTopology/SimplicialSet/StdSimplex.lean,329,lemma,stdSimplex.yonedaEquiv_,rfl,1,rfl
.lake/packages/mathlib/Mathlib/AlgebraicTopology/SimplicialSet/StdSimplex.lean,432,lemma,isoNerve_hom_app_apply,rfl,3,rfl
.lake/packages/mathlib/Mathlib/AlgebraicTopology/SimplicialSet/StdSimplex.lean,575,lemma,faceSingletonIso_zero_hom_comp_,decide,1,decide
.lake/packages/mathlib/Mathlib/AlgebraicTopology/SimplicialSet/StdSimplex.lean,580,lemma,faceSingletonIso_one_hom_comp_,decide,1,decide
.lake/packages/mathlib/Mathlib/AlgebraicTopology/SimplicialSet/Coskeletal.lean,70,lemma,fac_aux,rfl,3,rfl
.lake/packages/mathlib/Mathlib/AlgebraicTopology/SimplexCategory/Basic.lean,199,lemma,eqToHom_toOrderHom,rfl,2,rfl
.lake/packages/mathlib/Mathlib/AlgebraicTopology/SimplexCategory/Basic.lean,399,lemma,example@L399,rfl,3,rfl
.lake/packages/mathlib/Mathlib/AlgebraicTopology/SimplexCategory/Basic.lean,406,lemma,example@L406,rfl,3,rfl
.lake/packages/mathlib/Mathlib/AlgebraicTopology/SimplicialSet/AnodyneExtensions/RankNat.lean,45,lemma,rank'_eq,rfl,2,rfl
.lake/packages/mathlib/Mathlib/AlgebraicTopology/SimplicialSet/AnodyneExtensions/Pairing.lean,164,lemma,ofIso_index,rfl,4,rfl
.lake/packages/mathlib/Mathlib/AlgebraicTopology/SimplicialSet/Homology/Nondegenerate.lean,80,lemma,homotopyEquivNormalizedChainComplex_inv,rfl,1,rfl
.lake/packages/mathlib/Mathlib/AlgebraicTopology/SimplexCategory/Augmented/Monoidal.lean,115,lemma,id_tensorHom,rfl,2,rfl
.lake/packages/mathlib/Mathlib/AlgebraicTopology/SimplexCategory/Augmented/Monoidal.lean,130,lemma,id_star_whiskerRight,rfl,2,rfl
.lake/packages/mathlib/Mathlib/Condensed/Discrete/Colimit.lean,122,lemma,lanPresheafIso_hom,rfl,2,rfl
.lake/packages/mathlib/Mathlib/Condensed/Discrete/Colimit.lean,395,lemma,lanPresheafIso_hom,rfl,2,rfl
.lake/packages/mathlib/Mathlib/Condensed/Discrete/LocallyConstant.lean,55,lemma,sigmaComparison_comp_sigmaIso,rfl,5,rfl
.lake/packages/mathlib/Mathlib/RingTheory/Flat/Basic.lean,36,theorem,_root_.LinearMap.rTensor_injective_of_fg,rfl,4,rfl
.lake/packages/mathlib/Mathlib/RingTheory/KrullDimension/Basic.lean,91,lemma,Ring.krullDimLE_zero_iff,rfl,4,rfl
.lake/packages/mathlib/Mathlib/RingTheory/KrullDimension/Basic.lean,125,lemma,Ideal.mem_minimalPrimes_iff_isPrime,rfl,4,rfl
.lake/packages/mathlib/Mathlib/RingTheory/Kaehler/TensorProduct.lean,40,lemma,mulActionBaseChange_smul_add,rfl,3,rfl
.lake/packages/mathlib/Mathlib/RingTheory/Kaehler/Basic.lean,260,theorem,Derivation.liftKaehlerDifferential_D,rfl,2,rfl
.lake/packages/mathlib/Mathlib/RingTheory/Trace/Basic.lean,164,lemma,Algebra.trace_eq_of_equiv_equiv,rfl,5,rfl
.lake/packages/mathlib/Mathlib/RingTheory/Extension/ExtendScalars.lean,44,lemma,cotangentExtendScalarsEquiv_symm_toLinearMap,rfl,3,rfl
.lake/packages/mathlib/Mathlib/RingTheory/Extension/Generators.lean,550,lemma,Hom.toExtensionHom_comp,rfl,2,rfl
.lake/packages/mathlib/Mathlib/RingTheory/WittVector/StructurePolynomial.lean,225,theorem,wittStructureInt_rename,rfl,4,rfl
.lake/packages/mathlib/Mathlib/RingTheory/WittVector/MulCoeff.lean,100,theorem,mul_polyOfInterest_aux2,rfl,3,rfl
.lake/packages/mathlib/Mathlib/RingTheory/WittVector/MulCoeff.lean,146,theorem,mul_polyOfInterest_aux5,ring,3,ring
.lake/packages/mathlib/Mathlib/RingTheory/WittVector/MulCoeff.lean,229,theorem,nth_mul_coeff,ring,5,ring
.lake/packages/mathlib/Mathlib/RingTheory/GradedAlgebra/HomogeneousLocalization.lean,758,lemma,val_awayMap,rfl,2,rfl
.lake/packages/mathlib/Mathlib/RingTheory/ClassGroup/ExtendedHom.lean,35,lemma,extendedHom_quotientMk,rfl,1,rfl
.lake/packages/mathlib/Mathlib/RingTheory/ClassGroup/Basic.lean,83,lemma,ClassGroup.mk_def,rfl,3,rfl
.lake/packages/mathlib/Mathlib/RingTheory/ZMod/UnitsCyclic.lean,20,theorem,isCyclic_units_zero,decide,3,decide
.lake/packages/mathlib/Mathlib/RingTheory/ZMod/UnitsCyclic.lean,208,theorem,orderOf_five,norm_num,2,norm_num
.lake/packages/mathlib/Mathlib/RingTheory/MvPolynomial/Basic.lean,132,lemma,restrictScalars_restrictSupportIdeal,rfl,2,rfl
.lake/packages/mathlib/Mathlib/RingTheory/MvPolynomial/Basic.lean,153,theorem,mem_restrictDegree,rfl,2,rfl
.lake/packages/mathlib/Mathlib/RingTheory/MvPolynomial/Ideal.lean,23,theorem,mem_ideal_span_monomial_image,rfl,3,rfl
.lake/packages/mathlib/Mathlib/RingTheory/MvPolynomial/Homogeneous.lean,574,theorem,decomposition.decompose'_apply,rfl,2,rfl
.lake/packages/mathlib/Mathlib/RingTheory/Derivation/MapCoeffs.lean,68,theorem,apply_aeval_eq,rfl,3,rfl
.lake/packages/mathlib/Mathlib/RingTheory/Smooth/Basic.lean,271,theorem,iff_split_surjection,rfl,4,rfl
.lake/packages/mathlib/Mathlib/RingTheory/Smooth/StandardSmoothCotangent.lean,145,lemma,sectionCotangent_comp,rfl,5,rfl
.lake/packages/mathlib/Mathlib/RingTheory/Ideal/Pointwise.lean,103,theorem,pointwise_smul_eq_comap,rfl,3,rfl
.lake/packages/mathlib/Mathlib/RingTheory/Ideal/Over.lean,102,theorem,under_top,rfl,2,rfl
.lake/packages/mathlib/Mathlib/RingTheory/Ideal/CotangentBaseChange.lean,40,lemma,tensorCotangentHom_tmul,rfl,1,rfl
.lake/packages/mathlib/Mathlib/RingTheory/Ideal/Height.lean,316,lemma,Ideal.height_le_iff,rfl,5,rfl
.lake/packages/mathlib/Mathlib/RingTheory/TensorProduct/IsBaseChangeHom.lean,98,theorem,linearMapLeftRightHom_apply,rfl,1,rfl
.lake/packages/mathlib/Mathlib/RingTheory/TensorProduct/IsBaseChangeHom.lean,139,theorem,endHom_apply,rfl,1,rfl
.lake/packages/mathlib/Mathlib/RingTheory/Nilpotent/Lemmas.lean,21,theorem,RingHom.ker_isRadical_iff_reduced_of_surjective,rfl,2,rfl
.lake/packages/mathlib/Mathlib/RingTheory/Nilpotent/Lemmas.lean,32,theorem,isNilpotent_iff_zero_mem_powers,rfl,2,rfl
.lake/packages/mathlib/Mathlib/RingTheory/FractionalIdeal/Operations.lean,513,theorem,spanFinset_ne_zero,rfl,2,rfl
.lake/packages/mathlib/Mathlib/RingTheory/FractionalIdeal/Extended.lean,219,theorem,extendedHom_coeIdeal_eq_map,rfl,3,rfl
.lake/packages/mathlib/Mathlib/RingTheory/PowerSeries/WellKnown.lean,40,theorem,map_invUnitsSub,rfl,3,rfl
.lake/packages/mathlib/Mathlib/RingTheory/PowerSeries/Basic.lean,121,lemma,X_apply,rfl,2,rfl
.lake/packages/mathlib/Mathlib/RingTheory/PowerSeries/Basic.lean,144,theorem,monomial_zero_eq_C,rfl,2,rfl
.lake/packages/mathlib/Mathlib/RingTheory/PowerSeries/Basic.lean,203,theorem,coeff_one,rfl,3,rfl
.lake/packages/mathlib/Mathlib/RingTheory/PowerSeries/Basic.lean,597,theorem,coeff_prod,rfl,4,rfl
.lake/packages/mathlib/Mathlib/RingTheory/FormalGroup/Basic.lean,96,lemma,add_apply,rfl,1,rfl
.lake/packages/mathlib/Mathlib/RingTheory/Algebraic/Denominator.lean,19,lemma,denominator_def,rfl,1,rfl
.lake/packages/mathlib/Mathlib/RingTheory/Algebraic/Denominator.lean,31,theorem,isIntegral_denominator_smul,rfl,1,rfl
.lake/packages/mathlib/Mathlib/RingTheory/Coalgebra/CoassocSimps.lean,76,lemma,assoc_comp_map_map_comp,rfl,3,rfl
.lake/packages/mathlib/Mathlib/RingTheory/Coalgebra/CoassocSimps.lean,319,lemma,assoc_symm_comp_map_map_comp,rfl,3,rfl
.lake/packages/mathlib/Mathlib/RingTheory/Coalgebra/CoassocSimps.lean,623,lemma,map_counit_comp_comul_left,rfl,2,rfl
.lake/packages/mathlib/Mathlib/RingTheory/Coalgebra/CoassocSimps.lean,632,lemma,map_counit_comp_comul_right,rfl,2,rfl
.lake/packages/mathlib/Mathlib/RingTheory/Congruence/Hom.lean,438,theorem,Quotient.hom_ext,rfl,1,rfl
.lake/packages/mathlib/Mathlib/RingTheory/Congruence/Hom.lean,496,theorem,quotientKerEquivRange,rfl,1,rfl
.lake/packages/mathlib/Mathlib/RingTheory/RootsOfUnity/Basic.lean,34,theorem,mem_rootsOfUnity,rfl,1,rfl
.lake/packages/mathlib/Mathlib/RingTheory/AdicCompletion/Functoriality.lean,235,theorem,component_sumInv,rfl,2,rfl
.lake/packages/mathlib/Mathlib/RingTheory/AdicCompletion/Functoriality.lean,242,theorem,sumInv_apply,rfl,2,rfl
.lake/packages/mathlib/Mathlib/RingTheory/AdicCompletion/AsTensorProduct.lean,38,lemma,ofTensorProduct_tmul,rfl,1,rfl
.lake/packages/mathlib/Mathlib/RingTheory/AdicCompletion/Algebra.lean,399,theorem,ofAlgEquiv_apply,rfl,1,rfl
.lake/packages/mathlib/Mathlib/RingTheory/DedekindDomain/AdicValuation.lean,856,lemma,algebraMap_adicCompletionIntegers_apply,rfl,1,rfl
.lake/packages/mathlib/Mathlib/RingTheory/DedekindDomain/Factorization.lean,406,theorem,count_zpow,ring,5,ring
.lake/packages/mathlib/Mathlib/RingTheory/Bialgebra/Hom.lean,120,theorem,coe_mk,rfl,1,rfl
.lake/packages/mathlib/Mathlib/RingTheory/Bialgebra/Hom.lean,154,theorem,coe_toAlgHom,rfl,1,rfl
.lake/packages/mathlib/Mathlib/RingTheory/Valuation/Extension.lean,80,theorem,val_smul,rfl,1,rfl
.lake/packages/mathlib/Mathlib/RingTheory/Valuation/Extension.lean,84,lemma,mk_smul_mk,rfl,1,rfl
.lake/packages/mathlib/Mathlib/RingTheory/Valuation/Basic.lean,826,lemma,orderMonoidIso_spec,rfl,1,rfl
.lake/packages/mathlib/Mathlib/RingTheory/Polynomial/Bernstein.lean,31,example,example@L31,ring,2,ring
.lake/packages/mathlib/Mathlib/RingTheory/Polynomial/Vieta.lean,46,theorem,_root_.Finset.prod_X_add_C_coeff,rfl,2,rfl
.lake/packages/mathlib/Mathlib/RingTheory/Polynomial/Chebyshev.lean,77,theorem,T_zero,ring,4,ring
.lake/packages/mathlib/Mathlib/RingTheory/Polynomial/Chebyshev.lean,496,theorem,C_zero,ring,4,ring
.lake/packages/mathlib/Mathlib/RingTheory/Polynomial/UniversalFactorizationRing.lean,123,lemma,universalFactorizationMap_freeMonic,rfl,3,rfl
.lake/packages/mathlib/Mathlib/RingTheory/Polynomial/UniversalFactorizationRing.lean,592,lemma,UniversalCoprimeFactorizationRing.homEquiv_comp_fst,rfl,3,rfl
.lake/packages/mathlib/Mathlib/RingTheory/Polynomial/UniversalFactorizationRing.lean,600,lemma,UniversalCoprimeFactorizationRing.homEquiv_comp_snd,rfl,3,rfl
.lake/packages/mathlib/Mathlib/RingTheory/MvPowerSeries/Derivative.lean,26,theorem,coeff_pderivFun,rfl,1,rfl
.lake/packages/mathlib/Mathlib/RingTheory/MvPowerSeries/Equiv.lean,323,lemma,toAdicCompletionAlgEquiv_apply,rfl,1,rfl
.lake/packages/mathlib/Mathlib/RingTheory/Localization/AsSubring.lean,91,theorem,mem_range_mapToFractionRing_iff_ofField,rfl,5,rfl
.lake/packages/mathlib/Mathlib/RingTheory/Localization/InvSubmonoid.lean,40,theorem,toInvSubmonoid_surjective,rfl,4,rfl
.lake/packages/mathlib/Mathlib/RingTheory/Localization/Defs.lean,394,theorem,lift_spec_mul_add,rfl,3,rfl
.lake/packages/mathlib/Mathlib/RingTheory/Localization/Defs.lean,713,theorem,add_mk_self,ring,4,ring
.lake/packages/mathlib/Mathlib/RingTheory/Localization/Submodule.lean,42,theorem,coeSubmodule_sup,rfl,2,rfl
.lake/packages/mathlib/Mathlib/RingTheory/LocalRing/ResidueField/Ideal.lean,29,lemma,Ideal.ResidueField.map_algebraMap,rfl,3,rfl
.lake/packages/mathlib/Mathlib/RingTheory/Extension/Cotangent/Basic.lean,121,lemma,map_tmul,rfl,4,rfl
.lake/packages/mathlib/Mathlib/RingTheory/Ideal/Norm/AbsNorm.lean,34,theorem,cardQuot_apply,rfl,1,rfl
.lake/packages/mathlib/Mathlib/RingTheory/Ideal/Norm/AbsNorm.lean,71,theorem,Ideal.mul_add_mem_pow_succ_inj,ring,5,ring
.lake/packages/mathlib/Mathlib/RingTheory/Ideal/Quotient/Operations.lean,488,theorem,kerLiftAlg_mk,rfl,1,rfl
.lake/packages/mathlib/Mathlib/RingTheory/Ideal/Quotient/Operations.lean,538,lemma,_root_.AlgHom.liftOfSurjective_apply,rfl,4,rfl
.lake/packages/mathlib/Mathlib/RingTheory/Ideal/Quotient/Operations.lean,739,theorem,quotientEquivAlgOfEq_mk,rfl,2,rfl
.lake/packages/mathlib/Mathlib/RingTheory/Ideal/Quotient/Operations.lean,893,theorem,quotQuotEquivComm_quotQuotMk,rfl,1,rfl
.lake/packages/mathlib/Mathlib/RingTheory/Ideal/Quotient/Operations.lean,913,theorem,quotQuotEquivQuotOfLE_quotQuotMk,rfl,2,rfl
.lake/packages/mathlib/Mathlib/RingTheory/Ideal/Quotient/Operations.lean,927,theorem,quotQuotEquivQuotOfLE_symm_comp_mk,rfl,2,rfl
.lake/packages/mathlib/Mathlib/RingTheory/Ideal/Quotient/Operations.lean,1042,theorem,quotQuotEquivComm,rfl,1,rfl
.lake/packages/mathlib/Mathlib/RingTheory/Ideal/Quotient/Operations.lean,1083,theorem,coe_quotQuotEquivQuotOfLE,rfl,3,rfl
.lake/packages/mathlib/Mathlib/RingTheory/Ideal/Quotient/Defs.lean,171,lemma,factor_surjective,rfl,2,rfl }
.lake/packages/mathlib/Mathlib/RingTheory/Spectrum/Prime/Topology.lean,477,theorem,eq_biUnion_of_isOpen,rfl,4,rfl
.lake/packages/mathlib/Mathlib/RingTheory/Spectrum/Prime/Topology.lean,1140,lemma,vanishingIdeal_irreducibleComponents,rfl,4,rfl
.lake/packages/mathlib/Mathlib/RingTheory/Spectrum/Prime/Topology.lean,1189,theorem,PrimeSpectrum.asIdeal_top,rfl,3,rfl
.lake/packages/mathlib/Mathlib/RingTheory/Spectrum/Prime/Basic.lean,84,theorem,primeSpectrumProd_symm_inl_asIdeal,rfl,2,rfl
.lake/packages/mathlib/Mathlib/RingTheory/Spectrum/Prime/Basic.lean,90,theorem,primeSpectrumProd_symm_inr_asIdeal,rfl,2,rfl
.lake/packages/mathlib/Mathlib/RingTheory/Spectrum/Maximal/Localization.lean,65,theorem,toPiLocalization_injective,rfl,5,rfl
.lake/packages/mathlib/Mathlib/RingTheory/Spectrum/Maximal/Localization.lean,209,theorem,mapPiLocalization_naturality,rfl,5,rfl
.lake/packages/mathlib/Mathlib/RingTheory/Polynomial/Resultant/Basic.lean,212,lemma,resultant_add_mul_left,ring,3,ring
.lake/packages/mathlib/Mathlib/MeasureTheory/OuterMeasure/Induced.lean,44,theorem,le_extend,rfl,3,rfl
.lake/packages/mathlib/Mathlib/MeasureTheory/VectorMeasure/Integral.lean,35,lemma,transpose_eq_cbmApplyMeasure,rfl,1,rfl
.lake/packages/mathlib/Mathlib/MeasureTheory/VectorMeasure/Basic.lean,141,theorem,of_iUnion_nonneg,linarith,2,linarith
.lake/packages/mathlib/Mathlib/MeasureTheory/VectorMeasure/Basic.lean,159,theorem,of_nonpos_disjoint_union_eq_zero,linarith,2,linarith
.lake/packages/mathlib/Mathlib/MeasureTheory/VectorMeasure/Operations.lean,72,theorem,toSignedMeasure_smul,rfl,4,rfl
.lake/packages/mathlib/Mathlib/MeasureTheory/VectorMeasure/Operations.lean,209,theorem,mapRange_apply,rfl,2,rfl
.lake/packages/mathlib/Mathlib/MeasureTheory/MeasurableSpace/Prod.lean,54,lemma,generateFrom_prod,rfl,2,rfl
.lake/packages/mathlib/Mathlib/MeasureTheory/MeasurableSpace/Prod.lean,73,lemma,MeasurableSpace.comap_prodMap,rfl,2,rfl
.lake/packages/mathlib/Mathlib/MeasureTheory/MeasurableSpace/Constructions.lean,568,theorem,Measurable.eval,rfl,2,rfl
.lake/packages/mathlib/Mathlib/MeasureTheory/MeasurableSpace/Defs.lean,442,theorem,measurableSpace_iSup_eq,rfl,3,rfl
.lake/packages/mathlib/Mathlib/MeasureTheory/MeasurableSpace/Embedding.lean,150,theorem,toEquiv_injective,rfl,2,rfl
.lake/packages/mathlib/Mathlib/MeasureTheory/Group/Measure.lean,230,theorem,map_mul_left_ae,rfl,2,rfl
.lake/packages/mathlib/Mathlib/MeasureTheory/Group/Measure.lean,251,theorem,eventually_mul_right_iff,rfl,2,rfl
.lake/packages/mathlib/Mathlib/MeasureTheory/Group/Measure.lean,257,theorem,eventually_div_right_iff,rfl,2,rfl
.lake/packages/mathlib/Mathlib/MeasureTheory/Constructions/Pi.lean,766,theorem,volume_preserving_piUnique,rfl,4,rfl
.lake/packages/mathlib/Mathlib/MeasureTheory/Constructions/HaarToSphere.lean,33,theorem,toSphere_apply_aux,rfl,3,rfl
.lake/packages/mathlib/Mathlib/MeasureTheory/Function/UnifTight.lean,29,theorem,unifTight_iff_ennreal,rfl,1,rfl
.lake/packages/mathlib/Mathlib/MeasureTheory/Measure/Prod.lean,599,theorem,measurePreserving_swap,rfl,2,rfl
.lake/packages/mathlib/Mathlib/MeasureTheory/Measure/Prod.lean,1091,theorem,snd_map_prodMk,rfl,2,rfl
.lake/packages/mathlib/Mathlib/MeasureTheory/Measure/FiniteMeasure.lean,324,theorem,testAgainstNN_one,rfl,2,rfl
.lake/packages/mathlib/Mathlib/MeasureTheory/Measure/Map.lean,132,lemma,map_apply,rfl,3,rfl
.lake/packages/mathlib/Mathlib/MeasureTheory/Measure/Restrict.lean,672,theorem,le_ae_restrict,rfl,4,rfl
.lake/packages/mathlib/Mathlib/MeasureTheory/Measure/Filter.lean,69,theorem,Measure.measure_support_eq_zero_iff,rfl,1,rfl
.lake/packages/mathlib/Mathlib/MeasureTheory/Measure/AEMeasurable.lean,95,theorem,_root_.aemeasurable_sum_measure_iff,rfl,2,rfl
.lake/packages/mathlib/Mathlib/MeasureTheory/Measure/Real.lean,309,theorem,measureReal_sdiff',ring,2,ring
.lake/packages/mathlib/Mathlib/MeasureTheory/Measure/Real.lean,390,theorem,measureReal_compl,linarith,1,linarith [measureReal_add_measureReal_compl₀ h₁]
.lake/packages/mathlib/Mathlib/MeasureTheory/Integral/Gamma.lean,121,theorem,Complex.integral_exp_neg_rpow,ring,4,ring
.lake/packages/mathlib/Mathlib/MeasureTheory/Integral/Gamma.lean,128,theorem,Complex.integral_exp_neg_mul_rpow,ring,4,ring
.lake/packages/mathlib/Mathlib/MeasureTheory/VectorMeasure/Decomposition/Jordan.lean,126,theorem,toSignedMeasure_smul,rfl,5,rfl
.lake/packages/mathlib/Mathlib/MeasureTheory/Function/StronglyMeasurable/AEStronglyMeasurable.lean,713,theorem,_root_.aestronglyMeasurable_sum_measure_iff,rfl,2,rfl
.lake/packages/mathlib/Mathlib/MeasureTheory/Function/LpSpace/Indicator.lean,85,theorem,indicatorConstLp_add,rfl,2,rfl
.lake/packages/mathlib/Mathlib/MeasureTheory/Function/LpSpace/Indicator.lean,92,theorem,indicatorConstLp_sub,rfl,2,rfl
.lake/packages/mathlib/Mathlib/MeasureTheory/Function/LpSpace/Basic.lean,717,theorem,add_compLp,rfl,3,rfl
.lake/packages/mathlib/Mathlib/MeasureTheory/Function/LpSpace/Basic.lean,723,theorem,smul_compLp,rfl,3,rfl
.lake/packages/mathlib/Mathlib/MeasureTheory/Measure/Lebesgue/VolumeOfBalls.lean,362,lemma,volume_ball_fin_two,norm_num,1,norm_num [InnerProductSpace.volume_ball_of_dim_even (k := 1) (by simp) x]
.lake/packages/mathlib/Mathlib/MeasureTheory/Measure/Lebesgue/VolumeOfBalls.lean,372,lemma,volume_ball_fin_three,norm_num,1,norm_num [InnerProductSpace.volume_ball_of_dim_odd (k := 1) (by simp) x]
.lake/packages/mathlib/Mathlib/MeasureTheory/Measure/Typeclasses/Finite.lean,240,theorem,ite_ae_eq_of_measure_compl_zero,rfl,5,rfl
.lake/packages/mathlib/Mathlib/MeasureTheory/Integral/Lebesgue/Basic.lean,76,theorem,lintegral_mono_set,rfl,2,rfl
.lake/packages/mathlib/Mathlib/MeasureTheory/Integral/RieszMarkovKakutani/NNReal.lean,49,theorem,_root_.MeasureTheory.Measure.ext_of_integral_eq_on_compactlySupported_nnreal,rfl,5,rfl
.lake/packages/mathlib/Mathlib/MeasureTheory/Integral/CurveIntegral/Basic.lean,149,theorem,curveIntegralFun_trans_of_half_lt,ring,5,ring
.lake/packages/mathlib/Mathlib/MeasureTheory/Integral/SetToL1/Function.lean,244,theorem,setToFun_simpleFunc_eq_setToSimpleFunc,rfl,2,rfl
.lake/packages/mathlib/Mathlib/Combinatorics/Enumerative/Composition.lean,490,theorem,cast_rfl,rfl,2,rfl
.lake/packages/mathlib/Mathlib/Combinatorics/Enumerative/Composition.lean,822,theorem,blocks_sum,rfl,3,rfl
.lake/packages/mathlib/Mathlib/Combinatorics/Enumerative/Stirling.lean,26,theorem,stirlingFirst_zero,rfl,2,rfl
.lake/packages/mathlib/Mathlib/Combinatorics/Enumerative/Stirling.lean,42,theorem,stirlingFirst_succ_right,rfl,2,rfl
.lake/packages/mathlib/Mathlib/Combinatorics/Enumerative/Stirling.lean,48,theorem,stirlingFirst_succ_succ,rfl,1,rfl
.lake/packages/mathlib/Mathlib/Combinatorics/Enumerative/Stirling.lean,87,theorem,stirlingSecond_zero,rfl,2,rfl
.lake/packages/mathlib/Mathlib/Combinatorics/Enumerative/Stirling.lean,103,theorem,stirlingSecond_succ_right,rfl,2,rfl
.lake/packages/mathlib/Mathlib/Combinatorics/Graph/Delete.lean,155,lemma,vertexSet_deleteVerts,rfl,2,rfl
.lake/packages/mathlib/Mathlib/Combinatorics/Quiver/ReflQuiver.lean,63,theorem,ext',rfl,4,rfl
.lake/packages/mathlib/Mathlib/Combinatorics/Quiver/Basic.lean,73,lemma,homOfEq_trans,rfl,2,rfl
.lake/packages/mathlib/Mathlib/Combinatorics/Quiver/Symmetric.lean,125,theorem,Path.reverse_reverse,rfl,5,rfl
.lake/packages/mathlib/Mathlib/Combinatorics/Quiver/Symmetric.lean,153,theorem,lift_spec,rfl,5,rfl
.lake/packages/mathlib/Mathlib/Combinatorics/Quiver/Symmetric.lean,161,theorem,lift_reverse,rfl,5,rfl
.lake/packages/mathlib/Mathlib/Combinatorics/Quiver/Cast.lean,26,theorem,Hom.cast_eq_cast,rfl,2,rfl
.lake/packages/mathlib/Mathlib/Combinatorics/Quiver/Cast.lean,32,theorem,Hom.cast_rfl_rfl,rfl,2,rfl
.lake/packages/mathlib/Mathlib/Combinatorics/Quiver/Cast.lean,42,theorem,Hom.cast_heq,rfl,2,rfl
.lake/packages/mathlib/Mathlib/Combinatorics/Quiver/Cast.lean,66,theorem,Path.cast_eq_cast,rfl,2,rfl
.lake/packages/mathlib/Mathlib/Combinatorics/Quiver/Cast.lean,72,theorem,Path.cast_rfl_rfl,rfl,2,rfl
.lake/packages/mathlib/Mathlib/Combinatorics/Quiver/Cast.lean,83,theorem,Path.cast_nil,rfl,2,rfl
.lake/packages/mathlib/Mathlib/Combinatorics/Quiver/Cast.lean,97,theorem,Path.eq_cast_iff_heq,rfl,2,rfl
.lake/packages/mathlib/Mathlib/Combinatorics/SimpleGraph/Paths.lean,47,theorem,isTrail_copy,rfl,2,rfl
.lake/packages/mathlib/Mathlib/Combinatorics/SimpleGraph/Paths.lean,52,theorem,IsPath.mk',rfl,2,rfl
.lake/packages/mathlib/Mathlib/Combinatorics/SimpleGraph/Paths.lean,69,theorem,isCircuit_copy,rfl,2,rfl
.lake/packages/mathlib/Mathlib/Combinatorics/SimpleGraph/Paths.lean,74,lemma,IsCircuit.not_nil,rfl,2,rfl
.lake/packages/mathlib/Mathlib/Combinatorics/SimpleGraph/Paths.lean,809,theorem,bypass_copy,rfl,2,rfl
.lake/packages/mathlib/Mathlib/Combinatorics/SimpleGraph/Paths.lean,1181,theorem,toDeleteEdges_copy,rfl,2,rfl
.lake/packages/mathlib/Mathlib/Combinatorics/SimpleGraph/Metric.lean,259,lemma,Reachable.of_dist_ne_zero,decide,2,decide
.lake/packages/mathlib/Mathlib/Combinatorics/SimpleGraph/Basic.lean,466,theorem,edgeSet_sup,rfl,2,rfl
.lake/packages/mathlib/Mathlib/Combinatorics/SimpleGraph/Basic.lean,471,theorem,edgeSet_inf,rfl,2,rfl
.lake/packages/mathlib/Mathlib/Combinatorics/SimpleGraph/Basic.lean,497,theorem,edgeSet_sdiff,rfl,2,rfl
.lake/packages/mathlib/Mathlib/Combinatorics/SimpleGraph/CycleGraph.lean,25,theorem,cycleGraph_zero_adj,decide,2,decide
.lake/packages/mathlib/Mathlib/Combinatorics/SimpleGraph/CycleGraph.lean,36,theorem,cycleGraph_three_eq_top,decide,2,decide
.lake/packages/mathlib/Mathlib/Combinatorics/SimpleGraph/Subgraph.lean,221,lemma,edgeSet_spanningCoe,rfl,1,rfl
.lake/packages/mathlib/Mathlib/Combinatorics/SimpleGraph/Subgraph.lean,835,theorem,card_neighborSet_toSubgraph,rfl,3,rfl
.lake/packages/mathlib/Mathlib/Combinatorics/Young/YoungDiagram.lean,223,theorem,row_eq_prod,rfl,5,rfl
.lake/packages/mathlib/Mathlib/Combinatorics/Young/YoungDiagram.lean,276,theorem,col_eq_prod,rfl,5,rfl
.lake/packages/mathlib/Mathlib/Combinatorics/Derangements/Finite.lean,53,theorem,numDerangements_zero,ring,5,ring
.lake/packages/mathlib/Mathlib/Combinatorics/Enumerative/Catalan/Basic.lean,93,theorem,succ_mul_catalan_eq_centralBinom,norm_num,1,"norm_num [catalan_eq_centralBinom_div, Nat.centralBinom, Nat.choose]"
.lake/packages/mathlib/Mathlib/Combinatorics/Enumerative/Catalan/Basic.lean,99,theorem,catalan_three,norm_num,1,"norm_num [catalan_eq_centralBinom_div, Nat.centralBinom, Nat.choose]"
.lake/packages/mathlib/Mathlib/Combinatorics/Enumerative/Pentagonal/EulerFunction.lean,66,theorem,eulerFunction_def,rfl,1,rfl
.lake/packages/mathlib/Mathlib/Combinatorics/Enumerative/Pentagonal/EulerFunction.lean,93,theorem,hasSum_eulerFunction_pentagonal_pair,ring,5,ring
.lake/packages/mathlib/Mathlib/Combinatorics/SimpleGraph/Walk/Maps.lean,29,theorem,map_nil,rfl,2,rfl
.lake/packages/mathlib/Mathlib/Combinatorics/SimpleGraph/Walk/Maps.lean,49,theorem,map_eq_of_eq,rfl,2,rfl
.lake/packages/mathlib/Mathlib/Combinatorics/SimpleGraph/Walk/Decomp.lean,163,theorem,takeUntil_copy,rfl,2,rfl
.lake/packages/mathlib/Mathlib/Combinatorics/SimpleGraph/Walk/Decomp.lean,170,theorem,dropUntil_copy,rfl,2,rfl
.lake/packages/mathlib/Mathlib/Combinatorics/SimpleGraph/Walk/Operations.lean,25,theorem,copy_rfl_rfl,rfl,2,rfl
.lake/packages/mathlib/Mathlib/Combinatorics/SimpleGraph/Walk/Operations.lean,35,theorem,copy_nil,rfl,2,rfl
.lake/packages/mathlib/Mathlib/Combinatorics/SimpleGraph/Walk/Operations.lean,39,theorem,copy_cons,rfl,2,rfl
.lake/packages/mathlib/Mathlib/Combinatorics/SimpleGraph/Walk/Operations.lean,45,theorem,cons_copy,rfl,2,rfl
.lake/packages/mathlib/Mathlib/Combinatorics/SimpleGraph/Walk/Operations.lean,92,theorem,append_copy_copy,rfl,2,rfl
.lake/packages/mathlib/Mathlib/Combinatorics/SimpleGraph/Walk/Operations.lean,160,theorem,reverse_cons,rfl,2,rfl
.lake/packages/mathlib/Mathlib/Combinatorics/SimpleGraph/Walk/Operations.lean,183,theorem,reverse_surjective,rfl,2,rfl
.lake/packages/mathlib/Mathlib/Combinatorics/SimpleGraph/Walk/Operations.lean,303,theorem,support_copy,rfl,2,rfl
.lake/packages/mathlib/Mathlib/Combinatorics/SimpleGraph/Walk/Operations.lean,409,theorem,darts_copy,rfl,2,rfl
.lake/packages/mathlib/Mathlib/Combinatorics/SimpleGraph/Walk/Operations.lean,440,theorem,edges_concat,rfl,2,rfl
.lake/packages/mathlib/Mathlib/Combinatorics/SimpleGraph/Walk/Operations.lean,815,lemma,drop_of_length_le,rfl,2,rfl
.lake/packages/mathlib/Mathlib/Combinatorics/SimpleGraph/Connectivity/Connected.lean,489,theorem,connectedComponentEquiv_refl,rfl,2,rfl
.lake/packages/mathlib/Mathlib/Combinatorics/SimpleGraph/Connectivity/Connected.lean,495,theorem,connectedComponentEquiv_symm,rfl,2,rfl
.lake/packages/mathlib/Mathlib/Combinatorics/SimpleGraph/Connectivity/Connected.lean,501,theorem,connectedComponentEquiv_trans,rfl,2,rfl
.lake/packages/mathlib/Mathlib/Combinatorics/SimpleGraph/Ends/Defs.lean,172,theorem,hom_trans,rfl,3,rfl
.lake/packages/mathlib/Mathlib/Combinatorics/Additive/AP/Three/Behrend.lean,224,theorem,log_two_mul_two_le_sqrt_log_eight,linarith,5,linarith only [log_two_lt_d9.le]
.lake/packages/mathlib/Mathlib/Combinatorics/Additive/AP/Three/Behrend.lean,405,theorem,four_zero_nine_six_lt_exp_sixteen,linarith,3,linarith [log_two_lt_d9]
.lake/packages/mathlib/Mathlib/LinearAlgebra/BilinearForm/Hom.lean,104,theorem,compRight_compLeft,rfl,2,rfl
.lake/packages/mathlib/Mathlib/LinearAlgebra/BilinearForm/Hom.lean,127,theorem,comp_id_right,rfl,2,rfl
.lake/packages/mathlib/Mathlib/LinearAlgebra/BilinearForm/Hom.lean,133,theorem,compLeft_id,rfl,2,rfl
.lake/packages/mathlib/Mathlib/LinearAlgebra/BilinearForm/Hom.lean,138,theorem,compRight_id,rfl,2,rfl
.lake/packages/mathlib/Mathlib/LinearAlgebra/BilinearForm/Hom.lean,145,theorem,comp_id_id,rfl,2,rfl
.lake/packages/mathlib/Mathlib/LinearAlgebra/BilinearForm/Hom.lean,172,theorem,congr_apply,rfl,1,rfl
.lake/packages/mathlib/Mathlib/LinearAlgebra/ExteriorAlgebra/OfAlternating.lean,54,theorem,liftAlternating_,rfl,3,rfl
.lake/packages/mathlib/Mathlib/LinearAlgebra/Projectivization/Basic.lean,95,theorem,exists_smul_eq_mk_rep,rfl,2,rfl
.lake/packages/mathlib/Mathlib/LinearAlgebra/Projectivization/Basic.lean,169,theorem,map_mk,rfl,2,rfl
.lake/packages/mathlib/Mathlib/LinearAlgebra/Projectivization/Basic.lean,188,theorem,map_comp,rfl,2,rfl
.lake/packages/mathlib/Mathlib/LinearAlgebra/Projectivization/Action.lean,36,lemma,generalLinearGroup_smul_def,rfl,1,rfl
.lake/packages/mathlib/Mathlib/LinearAlgebra/Projectivization/Action.lean,40,lemma,matrixSpecialLinearGroup_smul_def,rfl,1,rfl
.lake/packages/mathlib/Mathlib/LinearAlgebra/Finsupp/LSum.lean,205,theorem,lcongr_symm,rfl,2,rfl
.lake/packages/mathlib/Mathlib/LinearAlgebra/Finsupp/Pi.lean,165,theorem,splittingOfFunOnFintypeSurjective_injective,rfl,1,rfl
.lake/packages/mathlib/Mathlib/LinearAlgebra/Finsupp/LinearCombination.lean,356,theorem,Submodule.mem_span_image_finset_iff_exists_fun,rfl,2,rfl
.lake/packages/mathlib/Mathlib/LinearAlgebra/Multilinear/Curry.lean,53,theorem,MultilinearMap.curryLeft_apply,rfl,1,rfl
.lake/packages/mathlib/Mathlib/LinearAlgebra/Multilinear/TensorProduct.lean,51,theorem,domCoprodDep'_apply,rfl,1,rfl
.lake/packages/mathlib/Mathlib/LinearAlgebra/TensorProduct/Decomposition.lean,56,lemma,decomposeTensor_apply,rfl,1,rfl
.lake/packages/mathlib/Mathlib/LinearAlgebra/TensorProduct/Map.lean,42,theorem,map_tmul,rfl,3,rfl
.lake/packages/mathlib/Mathlib/LinearAlgebra/TensorProduct/Map.lean,76,theorem,map,rfl,2,rfl
.lake/packages/mathlib/Mathlib/LinearAlgebra/TensorProduct/Pi.lean,76,lemma,piRight_apply,rfl,1,rfl
.lake/packages/mathlib/Mathlib/LinearAlgebra/TensorProduct/Pi.lean,145,lemma,piScalarRight_apply,rfl,1,rfl
.lake/packages/mathlib/Mathlib/LinearAlgebra/TensorProduct/Submodule.lean,35,theorem,mulMap_tmul,rfl,5,rfl
.lake/packages/mathlib/Mathlib/LinearAlgebra/GeneralLinearGroup/Basic.lean,35,theorem,toLinearEquiv_mul,rfl,1,rfl
.lake/packages/mathlib/Mathlib/LinearAlgebra/GeneralLinearGroup/Basic.lean,39,theorem,toLinearEquiv_inv,rfl,1,rfl
.lake/packages/mathlib/Mathlib/LinearAlgebra/GeneralLinearGroup/Basic.lean,53,theorem,ofLinearEquiv_mul,rfl,1,rfl
.lake/packages/mathlib/Mathlib/LinearAlgebra/GeneralLinearGroup/Basic.lean,57,theorem,ofLinearEquiv_inv,rfl,1,rfl
.lake/packages/mathlib/Mathlib/LinearAlgebra/ExteriorPower/Basic.lean,169,lemma,linearMap_ext,rfl,4,rfl
.lake/packages/mathlib/Mathlib/LinearAlgebra/ExteriorPower/Basic.lean,237,lemma,map_comp_,rfl,3,rfl
.lake/packages/mathlib/Mathlib/LinearAlgebra/ExteriorPower/Basic.lean,244,lemma,map_apply_,rfl,2,rfl
.lake/packages/mathlib/Mathlib/LinearAlgebra/Transvection/Generation.lean,37,theorem,le_one_add_finrank_fixedSubmodule_dilatransvection_mul,linarith,5,linarith
.lake/packages/mathlib/Mathlib/LinearAlgebra/Transvection/Generation.lean,51,theorem,le_one_add_finrank_fixedSubmodule_mul_dilatransvection,linarith,5,linarith
.lake/packages/mathlib/Mathlib/LinearAlgebra/Transvection/Generation.lean,136,theorem,finrank_quotient_sup_span_singleton,omega,4,omega
.lake/packages/mathlib/Mathlib/LinearAlgebra/PiTensorProduct/Basic.lean,224,theorem,tprod_eq_tprodCoeff_one,rfl,3,rfl
.lake/packages/mathlib/Mathlib/LinearAlgebra/PiTensorProduct/Basic.lean,234,lemma,_root_.FreeAddMonoid.toPiTensorProduct,rfl,5,rfl
.lake/packages/mathlib/Mathlib/LinearAlgebra/AffineSpace/AffineMap.lean,311,theorem,id_linear,rfl,3,rfl
.lake/packages/mathlib/Mathlib/LinearAlgebra/AffineSpace/FiniteDimensional.lean,833,theorem,finrank_eq,ring,2,ring
.lake/packages/mathlib/Mathlib/LinearAlgebra/RootSystem/Hom.lean,300,lemma,toHom_comp,rfl,1,rfl
.lake/packages/mathlib/Mathlib/LinearAlgebra/RootSystem/Hom.lean,364,lemma,weightEquiv_mul,rfl,1,rfl
.lake/packages/mathlib/Mathlib/LinearAlgebra/RootSystem/Hom.lean,374,lemma,coweightEquiv_mul,rfl,1,rfl
.lake/packages/mathlib/Mathlib/LinearAlgebra/TensorPower/Basic.lean,107,theorem,cast_eq_cast,rfl,3,rfl
.lake/packages/mathlib/Mathlib/LinearAlgebra/Span/Defs.lean,319,theorem,subset_span_trans,rfl,2,rfl
.lake/packages/mathlib/Mathlib/LinearAlgebra/Span/Defs.lean,389,theorem,sup_toAddSubmonoid,rfl,3,rfl
.lake/packages/mathlib/Mathlib/LinearAlgebra/Span/Defs.lean,602,lemma,sup_toAddSubgroup,rfl,3,rfl
.lake/packages/mathlib/Mathlib/LinearAlgebra/QuadraticForm/TensorProduct.lean,81,theorem,tensorDistrib_tmul,rfl,5,rfl
.lake/packages/mathlib/Mathlib/LinearAlgebra/QuadraticForm/Basic.lean,161,theorem,map_add_self,norm_num,2,norm_num
.lake/packages/mathlib/Mathlib/LinearAlgebra/QuadraticForm/Basic.lean,887,lemma,associated_sq,rfl,3,rfl
.lake/packages/mathlib/Mathlib/LinearAlgebra/QuadraticForm/Basic.lean,1280,theorem,basisRepr_apply,rfl,2,rfl
.lake/packages/mathlib/Mathlib/LinearAlgebra/CliffordAlgebra/Prod.lean,110,lemma,ofProd_,rfl,2,rfl
.lake/packages/mathlib/Mathlib/LinearAlgebra/Alternating/DomCoprod.lean,147,theorem,domCoprod'_apply,rfl,4,rfl
.lake/packages/mathlib/Mathlib/LinearAlgebra/Dual/Lemmas.lean,441,theorem,dualLift_rightInverse,rfl,2,rfl
.lake/packages/mathlib/Mathlib/LinearAlgebra/Dual/Lemmas.lean,775,theorem,dualPairing_eq,rfl,2,rfl
.lake/packages/mathlib/Mathlib/LinearAlgebra/Dual/Defs.lean,78,lemma,LinearMap.dualMap_eq_lcomp,rfl,2,rfl
.lake/packages/mathlib/Mathlib/LinearAlgebra/Dual/Defs.lean,116,theorem,LinearEquiv.dualMap_apply,rfl,2,rfl
.lake/packages/mathlib/Mathlib/LinearAlgebra/Dual/Defs.lean,127,theorem,LinearEquiv.dualMap_symm,rfl,1,rfl
.lake/packages/mathlib/Mathlib/LinearAlgebra/Quotient/Basic.lean,389,theorem,Quotient.equiv_refl,rfl,5,rfl
.lake/packages/mathlib/Mathlib/LinearAlgebra/Quotient/Defs.lean,224,theorem,linearMap_qext,rfl,5,rfl }
.lake/packages/mathlib/Mathlib/LinearAlgebra/LinearIndependent/Lemmas.lean,634,theorem,linearIndependent_finCons,rfl,2,rfl
.lake/packages/mathlib/Mathlib/LinearAlgebra/TensorAlgebra/Basic.lean,74,example,example@L74,rfl,2,rfl
.lake/packages/mathlib/Mathlib/LinearAlgebra/TensorAlgebra/Basic.lean,127,theorem,lift_,rfl,2,rfl
.lake/packages/mathlib/Mathlib/LinearAlgebra/Matrix/Kronecker.lean,126,theorem,kroneckerMap_one_one,rfl,2,rfl
.lake/packages/mathlib/Mathlib/LinearAlgebra/Matrix/ConjTranspose.lean,41,theorem,diagonal_conjTranspose,rfl,2,rfl
.lake/packages/mathlib/Mathlib/LinearAlgebra/Matrix/NonsingularInverse.lean,404,theorem,unitOfDetInvertible_eq_nonsingInvUnit,rfl,2,rfl
.lake/packages/mathlib/Mathlib/LinearAlgebra/Matrix/NonsingularInverse.lean,480,theorem,invOf_diagonal_eq,rfl,2,rfl
.lake/packages/mathlib/Mathlib/LinearAlgebra/Matrix/NonsingularInverse.lean,634,theorem,invOf_submatrix_equiv_eq,rfl,2,rfl
.lake/packages/mathlib/Mathlib/LinearAlgebra/Matrix/RowCol.lean,63,theorem,replicateCol_add,rfl,2,rfl
.lake/packages/mathlib/Mathlib/LinearAlgebra/Matrix/RowCol.lean,69,theorem,replicateCol_smul,rfl,2,rfl
.lake/packages/mathlib/Mathlib/LinearAlgebra/Matrix/RowCol.lean,90,theorem,replicateRow_add,rfl,2,rfl
.lake/packages/mathlib/Mathlib/LinearAlgebra/Matrix/RowCol.lean,96,theorem,replicateRow_smul,rfl,2,rfl
.lake/packages/mathlib/Mathlib/LinearAlgebra/Matrix/RowCol.lean,102,theorem,transpose_replicateCol,rfl,2,rfl
.lake/packages/mathlib/Mathlib/LinearAlgebra/Matrix/RowCol.lean,107,theorem,transpose_replicateRow,rfl,2,rfl
.lake/packages/mathlib/Mathlib/LinearAlgebra/Matrix/RowCol.lean,112,theorem,conjTranspose_replicateCol,rfl,2,rfl
.lake/packages/mathlib/Mathlib/LinearAlgebra/Matrix/RowCol.lean,118,theorem,conjTranspose_replicateRow,rfl,2,rfl
.lake/packages/mathlib/Mathlib/LinearAlgebra/Matrix/RowCol.lean,124,theorem,replicateRow_vecMul,rfl,2,rfl
.lake/packages/mathlib/Mathlib/LinearAlgebra/Matrix/RowCol.lean,129,theorem,replicateCol_vecMul,rfl,2,rfl
.lake/packages/mathlib/Mathlib/LinearAlgebra/Matrix/RowCol.lean,135,theorem,replicateCol_mulVec,rfl,2,rfl
.lake/packages/mathlib/Mathlib/LinearAlgebra/Matrix/RowCol.lean,140,theorem,replicateRow_mulVec,rfl,2,rfl
.lake/packages/mathlib/Mathlib/LinearAlgebra/Matrix/RowCol.lean,238,theorem,updateRow_transpose,rfl,3,rfl
.lake/packages/mathlib/Mathlib/LinearAlgebra/Matrix/RowCol.lean,243,theorem,updateCol_transpose,rfl,3,rfl
.lake/packages/mathlib/Mathlib/LinearAlgebra/Matrix/RowCol.lean,248,theorem,updateRow_conjTranspose,rfl,3,rfl
.lake/packages/mathlib/Mathlib/LinearAlgebra/Matrix/RowCol.lean,254,theorem,updateCol_conjTranspose,rfl,3,rfl
.lake/packages/mathlib/Mathlib/LinearAlgebra/Matrix/ToLin.lean,603,theorem,LinearMap.toMatrix_smulBasis_left,rfl,1,rfl
.lake/packages/mathlib/Mathlib/LinearAlgebra/Matrix/ToLin.lean,609,theorem,LinearMap.toMatrix_smulBasis_right,rfl,1,rfl
.lake/packages/mathlib/Mathlib/LinearAlgebra/Matrix/ToLin.lean,617,theorem,LinearMap.toMatrix_map_left,rfl,1,rfl
.lake/packages/mathlib/Mathlib/LinearAlgebra/Matrix/ToLin.lean,621,theorem,LinearMap.toMatrix_map_right,rfl,1,rfl
.lake/packages/mathlib/Mathlib/LinearAlgebra/Matrix/Notation.lean,217,theorem,head_transpose,rfl,2,rfl
.lake/packages/mathlib/Mathlib/LinearAlgebra/Matrix/Defs.lean,80,theorem,map_apply,rfl,2,rfl
.lake/packages/mathlib/Mathlib/LinearAlgebra/Matrix/Defs.lean,89,theorem,map_id',rfl,2,rfl
.lake/packages/mathlib/Mathlib/LinearAlgebra/Matrix/Defs.lean,361,theorem,transpose_transpose,rfl,2,rfl
.lake/packages/mathlib/Mathlib/LinearAlgebra/Matrix/Trace.lean,194,theorem,trace_fin_zero,rfl,2,rfl
.lake/packages/mathlib/Mathlib/LinearAlgebra/Matrix/Adjugate.lean,213,theorem,adjugate_smul,rfl,2,rfl
.lake/packages/mathlib/Mathlib/LinearAlgebra/Matrix/SpecialLinearGroup.lean,106,theorem,coe_mul,norm_num,2,norm_num
.lake/packages/mathlib/Mathlib/LinearAlgebra/Matrix/SpecialLinearGroup.lean,351,lemma,isCoprime_row,ring,5,ring
.lake/packages/mathlib/Mathlib/LinearAlgebra/Matrix/SpecialLinearGroup.lean,358,lemma,isCoprime_col,ring,5,ring
.lake/packages/mathlib/Mathlib/LinearAlgebra/Matrix/Basis.lean,41,theorem,coePiBasisFun.toMatrix_eq_transpose,rfl,2,rfl
.lake/packages/mathlib/Mathlib/LinearAlgebra/Matrix/Basis.lean,81,theorem,toMatrix_smul,rfl,3,rfl
.lake/packages/mathlib/Mathlib/LinearAlgebra/Basis/Defs.lean,385,theorem,reindexRange_repr,rfl,2,rfl
.lake/packages/mathlib/Mathlib/LinearAlgebra/Dimension/Constructions.lean,484,theorem,Subalgebra.rank_toSubmodule,rfl,2,rfl
.lake/packages/mathlib/Mathlib/LinearAlgebra/Dimension/Constructions.lean,498,theorem,subalgebra_top_finrank_eq_submodule_top_finrank,rfl,2,rfl
.lake/packages/mathlib/Mathlib/LinearAlgebra/TensorProduct/Graded/External.lean,71,theorem,gradedComm_symm,rfl,1,rfl
.lake/packages/mathlib/Mathlib/LinearAlgebra/AffineSpace/AffineSubspace/Basic.lean,661,theorem,coe_ofEq_apply,rfl,2,rfl
.lake/packages/mathlib/Mathlib/LinearAlgebra/AffineSpace/Simplex/Basic.lean,285,theorem,restrict_map_inclusion,rfl,1,rfl
.lake/packages/mathlib/Mathlib/LinearAlgebra/AffineSpace/Simplex/Basic.lean,301,theorem,restrict_map_restrict,rfl,1,rfl
.lake/packages/mathlib/Mathlib/LinearAlgebra/AffineSpace/Simplex/Basic.lean,416,lemma,setInterior_restrict,rfl,5,rfl
.lake/packages/mathlib/Mathlib/LinearAlgebra/RootSystem/Finite/G2.lean,263,lemma,allRoots_nodup,decide,5,decide
.lake/packages/mathlib/Mathlib/LinearAlgebra/FreeModule/Finite/CardQuotient.lean,81,theorem,AddSubgroup.index_eq_natAbs_det,rfl,2,rfl
.lake/packages/mathlib/Mathlib/LinearAlgebra/Matrix/Charpoly/Basic.lean,265,theorem,charpoly_sub_scalar,ring,4,ring
.lake/packages/mathlib/Mathlib/LinearAlgebra/Matrix/Charpoly/LinearMap.lean,93,theorem,Matrix.Represents.one,rfl,4,rfl
.lake/packages/mathlib/Mathlib/LinearAlgebra/Matrix/GeneralLinearGroup/Defs.lean,157,theorem,toLin_apply,rfl,1,rfl
.lake/packages/mathlib/Mathlib/LinearAlgebra/Matrix/GeneralLinearGroup/Projective.lean,164,theorem,lift_mk,rfl,1,rfl
.lake/packages/mathlib/Mathlib/LinearAlgebra/Matrix/GeneralLinearGroup/Projective.lean,168,theorem,lift_comp_mk,rfl,1,rfl
.lake/packages/mathlib/Mathlib/LinearAlgebra/Matrix/GeneralLinearGroup/Projective.lean,181,theorem,mk_smul,rfl,1,rfl
.lake/packages/mathlib/Mathlib/LinearAlgebra/Matrix/GeneralLinearGroup/Projective.lean,210,theorem,signDet_mk,rfl,1,rfl
.lake/packages/mathlib/Mathlib/LinearAlgebra/Matrix/GeneralLinearGroup/Projective.lean,214,theorem,val_signDet_mk,rfl,1,rfl
.lake/packages/mathlib/Mathlib/LinearAlgebra/Matrix/Determinant/Basic.lean,219,theorem,det_reindex_self,rfl,4,rfl
.lake/packages/mathlib/Mathlib/LinearAlgebra/Matrix/Determinant/Basic.lean,742,theorem,det_fin_zero,ring,4,ring
.lake/packages/mathlib/Mathlib/LinearAlgebra/Matrix/Determinant/Basic.lean,760,theorem,det_fin_two_of,ring,5,ring
.lake/packages/mathlib/Mathlib/LinearAlgebra/Matrix/Determinant/Bird/Defs.lean,41,theorem,get_eq,rfl,1,rfl
.lake/packages/mathlib/Mathlib/LinearAlgebra/Matrix/Determinant/Bird/Defs.lean,57,theorem,sumFrom_induct,rfl,1,rfl
.lake/packages/mathlib/Mathlib/LinearAlgebra/Matrix/Determinant/Bird/Defs.lean,69,theorem,birdDet_zero,rfl,1,rfl
.lake/packages/mathlib/Mathlib/LinearAlgebra/Matrix/Determinant/Bird/Defs.lean,98,theorem,stepEntry_eq,rfl,1,rfl
.lake/packages/mathlib/Mathlib/LinearAlgebra/Matrix/Determinant/Bird/Correctness.lean,175,theorem,paper_eq3,ring,3,ring
.lake/packages/mathlib/Mathlib/Geometry/RingedSpace/PresheafedSpace.lean,126,theorem,id_base,rfl,2,rfl
.lake/packages/mathlib/Mathlib/Geometry/RingedSpace/PresheafedSpace.lean,292,theorem,restrict_top_presheaf,rfl,3,rfl
.lake/packages/mathlib/Mathlib/Geometry/Euclidean/Triangle.lean,333,theorem,dist_sq_mul_dist_add_dist_sq_mul_dist,ring,4,ring
.lake/packages/mathlib/Mathlib/Geometry/Euclidean/Simplex.lean,52,lemma,Equilateral.acuteAngled,linarith,3,linarith [Real.pi_pos]
.lake/packages/mathlib/Mathlib/Geometry/Euclidean/MongePoint.lean,96,theorem,sum_mongePointWeightsWithCircumcenter,ring,4,ring
.lake/packages/mathlib/Mathlib/Geometry/Euclidean/NinePointCircle.lean,174,theorem,eulerPoint_eq_midpoint,norm_num,3,norm_num
.lake/packages/mathlib/Mathlib/Geometry/Euclidean/Basic.lean,51,theorem,dist_smul_vadd_sq,ring,3,ring
.lake/packages/mathlib/Mathlib/Geometry/Euclidean/BritishFlag.lean,17,theorem,norm_sq_add_norm_sub_add_sq_eq_norm_sub_sq_add_norm_sub_sq_add_two_mul_inner,ring,3,ring
.lake/packages/mathlib/Mathlib/Geometry/Euclidean/BritishFlag.lean,51,theorem,dist_sq_add_dist_sq_eq_dist_sq_add_dist_sq_add_two_mul_dist_mul_dist_mul_cos_angle,ring,3,ring
.lake/packages/mathlib/Mathlib/Geometry/Euclidean/Incenter.lean,1257,lemma,affineSpan_pair_eq_orthRadius_insphere,decide,5,decide +revert
.lake/packages/mathlib/Mathlib/Geometry/Euclidean/Incenter.lean,1270,lemma,sbtw_touchpoint_singleton,decide,5,decide +revert
.lake/packages/mathlib/Mathlib/Geometry/Euclidean/Projection.lean,55,theorem,orthogonalProjection_congr,rfl,2,rfl
.lake/packages/mathlib/Mathlib/Geometry/Euclidean/Projection.lean,134,theorem,orthogonalProjection_orthogonalProjection,rfl,2,rfl
.lake/packages/mathlib/Mathlib/Geometry/Euclidean/Projection.lean,375,theorem,eq_reflection_of_eq_subspace,rfl,2,rfl
.lake/packages/mathlib/Mathlib/Geometry/Polygon/Basic.lean,117,lemma,toTriangle_points,rfl,1,rfl
.lake/packages/mathlib/Mathlib/Geometry/Polygon/Basic.lean,145,lemma,toPolygon_toTriangle,rfl,1,rfl
.lake/packages/mathlib/Mathlib/Geometry/Manifold/ChartedSpace.lean,290,theorem,modelProd_range_prod_id,rfl,2,rfl
.lake/packages/mathlib/Mathlib/Geometry/Manifold/ChartedSpace.lean,321,theorem,ModelProd.ext,rfl,5,rfl
.lake/packages/mathlib/Mathlib/Geometry/Manifold/ChartedSpace.lean,403,lemma,ChartedSpace.sum_chartAt_inl,rfl,2,rfl
.lake/packages/mathlib/Mathlib/Geometry/Manifold/ChartedSpace.lean,410,lemma,ChartedSpace.sum_chartAt_inr,rfl,2,rfl
.lake/packages/mathlib/Mathlib/Geometry/Manifold/Bordism.lean,94,lemma,comap_M,rfl,1,rfl
.lake/packages/mathlib/Mathlib/Geometry/RingedSpace/LocallyRingedSpace/ResidueField.lean,63,lemma,example@L63,rfl,2,rfl
.lake/packages/mathlib/Mathlib/Geometry/Euclidean/Angle/Sphere.lean,132,theorem,IsTangentAt.angle_eq_pi_div_two,linarith,4,linarith
.lake/packages/mathlib/Mathlib/Geometry/Euclidean/Angle/Sphere.lean,485,theorem,dist_div_sin_angle_eq_two_mul_circumradius,ring,2,ring
.lake/packages/mathlib/Mathlib/Geometry/Euclidean/Sphere/Power.lean,255,theorem,dist_sq_eq_mul_dist_of_tangent_and_secant,ring,5,ring
.lake/packages/mathlib/Mathlib/Geometry/Euclidean/Volume/Measure.lean,30,theorem,MeasureTheory.Measure.euclideanHausdorffMeasure_def,rfl,1,rfl
.lake/packages/mathlib/Mathlib/Geometry/Euclidean/Angle/Oriented/Basic.lean,538,theorem,two_mul_angle_eq_two_pi_sub_abs_two_zsmul_oangle_toReal,linarith,4,linarith
.lake/packages/mathlib/Mathlib/Geometry/Euclidean/Angle/Oriented/Rotation.lean,140,theorem,rotation_trans,ring,4,ring
.lake/packages/mathlib/Mathlib/Geometry/Euclidean/Angle/Oriented/Rotation.lean,174,theorem,kahler_rotation_right,ring,3,ring
.lake/packages/mathlib/Mathlib/Geometry/Euclidean/Angle/Unoriented/Basic.lean,238,theorem,norm_sub_eq_add_norm_of_angle_eq_pi,ring,3,ring
.lake/packages/mathlib/Mathlib/Geometry/Euclidean/Angle/Unoriented/Basic.lean,245,theorem,norm_add_eq_add_norm_of_angle_eq_zero,ring,3,ring
.lake/packages/mathlib/Mathlib/Geometry/Euclidean/Angle/Unoriented/Basic.lean,252,theorem,norm_sub_eq_abs_sub_norm_of_angle_eq_zero,ring,3,ring
.lake/packages/mathlib/Mathlib/Geometry/Euclidean/Angle/Unoriented/RightAngle.lean,455,theorem,dist_sq_eq_dist_mul_dist_of_angle_eq_pi_div_two,ring,4,ring
.lake/packages/mathlib/Mathlib/Geometry/Convex/ConvexSpace/PathConnectedSpaceStdSimplex.lean,55,lemma,homeomorphI_apply_coe,rfl,1,rfl
.lake/packages/mathlib/Mathlib/Geometry/Manifold/MFDeriv/Atlas.lean,359,lemma,isInvertible_mfderivWithin_extChartAt_symm,rfl,5,rfl
.lake/packages/mathlib/Mathlib/Geometry/Manifold/MFDeriv/Atlas.lean,381,theorem,TangentBundle.symmL_trivializationAt,rfl,4,rfl
.lake/packages/mathlib/Mathlib/Geometry/Manifold/MFDeriv/Basic.lean,72,theorem,UniqueMDiffWithinAt.inter,rfl,3,rfl
.lake/packages/mathlib/Mathlib/Geometry/Manifold/MFDeriv/Basic.lean,1011,theorem,Filter.EventuallyEq.mfderivWithin_eq_of_mem,rfl,3,rfl
.lake/packages/mathlib/Mathlib/Geometry/Manifold/MFDeriv/Basic.lean,1180,theorem,mfderiv_comp_apply,rfl,2,rfl
.lake/packages/mathlib/Mathlib/Geometry/Manifold/MFDeriv/Basic.lean,1199,theorem,MDifferentiable.comp,rfl,3,rfl
.lake/packages/mathlib/Mathlib/Geometry/Manifold/MFDeriv/Basic.lean,1209,theorem,tangentMap_comp_at,rfl,3,rfl
.lake/packages/mathlib/Mathlib/Geometry/Manifold/MFDeriv/Tangent.lean,49,lemma,mfderiv_chartAt_eq_tangentCoordChange,rfl,3,rfl
.lake/packages/mathlib/Mathlib/Geometry/Manifold/MFDeriv/SpecificFunctions.lean,535,theorem,tangentMap_prod_left,rfl,2,rfl
.lake/packages/mathlib/Mathlib/Geometry/Manifold/MFDeriv/SpecificFunctions.lean,546,theorem,tangentMap_prod_right,rfl,2,rfl
.lake/packages/mathlib/Mathlib/Geometry/Manifold/MFDeriv/SpecificFunctions.lean,590,theorem,mfderiv_prod_eq_add_apply,rfl,2,rfl
.lake/packages/mathlib/Mathlib/Geometry/Manifold/MFDeriv/SpecificFunctions.lean,1079,lemma,HasMFDerivAt.inv,ring,5,ring
.lake/packages/mathlib/Mathlib/Geometry/Manifold/MFDeriv/NormedSpace.lean,280,theorem,MDifferentiable.smul,rfl,2,rfl
.lake/packages/mathlib/Mathlib/Geometry/Manifold/MFDeriv/NormedSpace.lean,396,lemma,mvfderivWithin_add,rfl,2,rfl
.lake/packages/mathlib/Mathlib/Geometry/Manifold/MFDeriv/NormedSpace.lean,403,lemma,mvfderivWithin_sub,rfl,2,rfl
.lake/packages/mathlib/Mathlib/Geometry/Manifold/MFDeriv/NormedSpace.lean,410,lemma,mvfderivWithin_neg,rfl,2,rfl
.lake/packages/mathlib/Mathlib/Geometry/Manifold/MFDeriv/NormedSpace.lean,416,lemma,mvfderivWithin_smul,rfl,4,rfl
.lake/packages/mathlib/Mathlib/Geometry/Manifold/MFDeriv/NormedSpace.lean,446,lemma,mvfderiv_add,rfl,2,rfl
.lake/packages/mathlib/Mathlib/Geometry/Manifold/MFDeriv/NormedSpace.lean,453,lemma,mvfderiv_sub,rfl,2,rfl
.lake/packages/mathlib/Mathlib/Geometry/Manifold/MFDeriv/NormedSpace.lean,459,lemma,mvfderiv_neg,rfl,2,rfl
.lake/packages/mathlib/Mathlib/Geometry/Manifold/VectorField/LieBracket.lean,95,lemma,mlieBracketWithin_swap_apply,rfl,2,rfl
.lake/packages/mathlib/Mathlib/Geometry/Manifold/VectorField/Pullback.lean,165,lemma,mpullback_zero,rfl,3,rfl
.lake/packages/mathlib/Mathlib/Geometry/Manifold/VectorBundle/Basic.lean,179,theorem,contMDiffOn_zeroSection,rfl,5,rfl
.lake/packages/mathlib/Mathlib/Geometry/Manifold/Instances/Real.lean,282,lemma,IccLeftChart_apply,linarith,3,linarith
.lake/packages/mathlib/Mathlib/Geometry/Manifold/Instances/Real.lean,309,lemma,iccLeftChart_extend_zero,norm_num,2,norm_num [hp.1]
.lake/packages/mathlib/Mathlib/Geometry/Manifold/Instances/Real.lean,358,lemma,IccRightChart_apply,linarith,3,linarith
.lake/packages/mathlib/Mathlib/Geometry/Manifold/IsManifold/ExtChartAt.lean,269,lemma,extend_prod,rfl,1,rfl
.lake/packages/mathlib/Mathlib/Geometry/Manifold/IsManifold/Basic.lean,714,lemma,mem_maximalAtlas_iff,rfl,1,rfl
.lake/packages/mathlib/Mathlib/Geometry/Manifold/VectorBundle/CovariantDerivative/Metric.lean,42,lemma,derivMetricTensorAux_apply,rfl,2,rfl
.lake/packages/mathlib/Mathlib/Geometry/Manifold/VectorBundle/CovariantDerivative/Basic.lean,260,lemma,difference_apply,rfl,3,rfl
.lake/packages/mathlib/Mathlib/InformationTheory/KullbackLeibler/KLFun.lean,36,lemma,convexOn_Ioi_klFun,ring,2,ring
.lake/packages/mathlib/Mathlib/SetTheory/ZFC/Class.lean,100,theorem,mem_asymm,rfl,1,rfl
.lake/packages/mathlib/Mathlib/SetTheory/ZFC/Ordinal.lean,256,theorem,type_toPSet,rfl,2,rfl
.lake/packages/mathlib/Mathlib/SetTheory/Ordinal/Family.lean,354,theorem,bsup_congr,rfl,2,rfl
.lake/packages/mathlib/Mathlib/SetTheory/Ordinal/Family.lean,647,theorem,blsub_eq_lsub,rfl,2,rfl
.lake/packages/mathlib/Mathlib/SetTheory/Ordinal/Rank.lean,24,theorem,rank_eq,rfl,2,rfl
.lake/packages/mathlib/Mathlib/SetTheory/Ordinal/Exponential.lean,61,theorem,opow_le_of_isSuccLimit,rfl,2,rfl
.lake/packages/mathlib/Mathlib/SetTheory/Ordinal/Basic.lean,652,theorem,lift_card,rfl,2,rfl
.lake/packages/mathlib/Mathlib/SetTheory/Ordinal/Basic.lean,1129,theorem,card_lt_aleph0,rfl,2,rfl
.lake/packages/mathlib/Mathlib/SetTheory/Cardinal/Basic.lean,912,theorem,mk_subset_ge_of_subset_image_lift,rfl,4,rfl
.lake/packages/mathlib/Mathlib/SetTheory/Cardinal/Basic.lean,919,theorem,mk_subset_ge_of_subset_image,rfl,4,rfl
.lake/packages/mathlib/Mathlib/SetTheory/Cardinal/Cofinality/Enum.lean,84,theorem,enum_univ,rfl,2,rfl
.lake/packages/mathlib/Mathlib/SetTheory/Cardinal/Cofinality/Enum.lean,113,theorem,enum_bot,rfl,4,rfl
.lake/packages/mathlib/Mathlib/Data/Sym/Basic.lean,89,theorem,cons_swap,rfl,2,rfl
.lake/packages/mathlib/Mathlib/Data/Sym/Basic.lean,205,theorem,cons_equiv_eq_equiv_cons,rfl,2,rfl
.lake/packages/mathlib/Mathlib/Data/Sym/Sym2.lean,188,theorem,lift,rfl,2,rfl
.lake/packages/mathlib/Mathlib/Data/Sym/Sym2.lean,210,theorem,map_comp,rfl,2,rfl
.lake/packages/mathlib/Mathlib/Data/Sym/Sym2.lean,603,theorem,fromRelNdrec_mk,rfl,5,rfl
.lake/packages/mathlib/Mathlib/Data/Sym/Sym2.lean,683,theorem,fromRel_eq_fromRel_iff_eq,rfl,2,rfl
.lake/packages/mathlib/Mathlib/Data/DFinsupp/Sigma.lean,42,theorem,sigmaCurry_apply,rfl,2,rfl
.lake/packages/mathlib/Mathlib/Data/DFinsupp/Sigma.lean,58,theorem,sigmaCurry_smul,rfl,2,rfl
.lake/packages/mathlib/Mathlib/Data/DFinsupp/Defs.lean,64,theorem,zero_apply,rfl,2,rfl
.lake/packages/mathlib/Mathlib/Data/DFinsupp/Defs.lean,457,theorem,filter_single_pos,rfl,2,rfl
.lake/packages/mathlib/Mathlib/Data/DFinsupp/Submonoid.lean,63,theorem,AddSubmonoid.mem_iSup_iff_exists_dfinsupp,rfl,3,rfl
.lake/packages/mathlib/Mathlib/Data/DFinsupp/BigOperators.lean,102,theorem,prod_zero_index,rfl,5,rfl
.lake/packages/mathlib/Mathlib/Data/Fin/SuccPred.lean,442,theorem,val_sub_castLT_of_lt,omega,4,omega
.lake/packages/mathlib/Mathlib/Data/Fin/VecNotation.lean,96,lemma,Fin.cons_vecEmpty,rfl,3,rfl
.lake/packages/mathlib/Mathlib/Data/Fin/VecNotation.lean,202,theorem,vec_single_eq_const,rfl,2,rfl
.lake/packages/mathlib/Mathlib/Data/Fin/VecNotation.lean,259,theorem,vecAppend_eq_ite,rfl,5,rfl
.lake/packages/mathlib/Mathlib/Data/Fin/Basic.lean,216,theorem,coe_int_add_eq_mod,omega,1,omega
.lake/packages/mathlib/Mathlib/Data/Finsupp/SMul.lean,147,theorem,comapDomain_smul,rfl,2,rfl
.lake/packages/mathlib/Mathlib/Data/Finsupp/Basic.lean,526,theorem,comapDomain_zero,rfl,2,rfl
.lake/packages/mathlib/Mathlib/Data/Finsupp/Basic.lean,562,theorem,comapDomain_add_of_injective,rfl,2,rfl
.lake/packages/mathlib/Mathlib/Data/Finsupp/ToDFinsupp.lean,252,theorem,sigmaFinsuppEquivDFinsupp_add,rfl,2,rfl
.lake/packages/mathlib/Mathlib/Data/Finsupp/ToDFinsupp.lean,269,theorem,sigmaFinsuppEquivDFinsupp_smul,rfl,2,rfl
.lake/packages/mathlib/Mathlib/Data/ZMod/ValMinAbs.lean,156,lemma,valMinAbs_natAbs_eq_min,omega,3,omega
.lake/packages/mathlib/Mathlib/Data/ZMod/Basic.lean,152,theorem,cast_eq_val,rfl,3,rfl
.lake/packages/mathlib/Mathlib/Data/ZMod/Basic.lean,197,theorem,intCast_surjective,rfl,3,rfl
.lake/packages/mathlib/Mathlib/Data/ZMod/Basic.lean,415,lemma,ringEquivCongr_refl_apply,rfl,2,rfl
.lake/packages/mathlib/Mathlib/Data/ZMod/Basic.lean,429,lemma,ringEquivCongr_ringEquivCongr_apply,rfl,2,rfl
.lake/packages/mathlib/Mathlib/Data/Finset/Update.lean,83,lemma,restrict_updateFinset,rfl,2,rfl
.lake/packages/mathlib/Mathlib/Data/Finset/Dedup.lean,64,theorem,toFinset_ssubset,rfl,2,rfl
.lake/packages/mathlib/Mathlib/Data/Finset/Insert.lean,43,theorem,singleton_val,rfl,2,rfl
.lake/packages/mathlib/Mathlib/Data/Finset/Basic.lean,606,lemma,piFinsetUnion_left,rfl,3,rfl
.lake/packages/mathlib/Mathlib/Data/Finset/Basic.lean,614,lemma,piFinsetUnion_right,rfl,3,rfl
.lake/packages/mathlib/Mathlib/Data/Finset/NatAntidiagonal.lean,75,theorem,antidiagonal_succ_succ',rfl,2,rfl
.lake/packages/mathlib/Mathlib/Data/Fintype/Card.lean,478,theorem,Finset.card_fin,rfl,2,rfl
.lake/packages/mathlib/Mathlib/Data/Fintype/EquivFin.lean,253,theorem,Finset.card_eq_of_equiv_fintype,rfl,2,rfl
.lake/packages/mathlib/Mathlib/Data/Fintype/Quotient.lean,88,theorem,finChoice_eq,rfl,4,rfl
.lake/packages/mathlib/Mathlib/Data/Fintype/Quotient.lean,113,lemma,finLiftOn_mk,rfl,4,rfl
.lake/packages/mathlib/Mathlib/Data/Fintype/Quotient.lean,154,lemma,finHRecOn_mk,rfl,4,rfl
.lake/packages/mathlib/Mathlib/Data/Seq/Basic.lean,147,theorem,take_succ_cons,rfl,1,rfl
.lake/packages/mathlib/Mathlib/Data/Nat/Count.lean,29,theorem,count_zero,rfl,2,rfl
.lake/packages/mathlib/Mathlib/Data/Nat/Squarefree.lean,278,theorem,sum_divisors_filter_squarefree,rfl,3,rfl
.lake/packages/mathlib/Mathlib/Data/Nat/Totient.lean,99,theorem,_root_.ZMod.card_units_eq_totient,rfl,4,rfl
.lake/packages/mathlib/Mathlib/Data/Stream/Init.lean,36,theorem,get_zero_cons,rfl,2,rfl
.lake/packages/mathlib/Mathlib/Data/Stream/Init.lean,379,theorem,mem_interleave_left,rfl,3,rfl
.lake/packages/mathlib/Mathlib/Data/Stream/Init.lean,641,theorem,inits_tail,rfl,5,rfl
.lake/packages/mathlib/Mathlib/Data/Stream/Init.lean,658,theorem,inits_eq,rfl,5,rfl
.lake/packages/mathlib/Mathlib/Data/Setoid/Basic.lean,126,theorem,inf_def,rfl,3,rfl
.lake/packages/mathlib/Mathlib/Data/ENat/Basic.lean,210,theorem,natCast_toNat_le_self,rfl,3,rfl
.lake/packages/mathlib/Mathlib/Data/Rat/Defs.lean,233,theorem,coe_int_num_of_den_eq_one,rfl,3,rfl
.lake/packages/mathlib/Mathlib/Data/Option/Basic.lean,74,theorem,map_injective',rfl,3,rfl
.lake/packages/mathlib/Mathlib/Data/Int/Bitwise.lean,111,theorem,bodd_negOfNat,rfl,2,rfl
.lake/packages/mathlib/Mathlib/Data/Int/GCD.lean,34,theorem,xgcdAux_rec,rfl,3,rfl
.lake/packages/mathlib/Mathlib/Data/Int/Interval.lean,118,theorem,Icc_eq_pair,omega,3,omega
.lake/packages/mathlib/Mathlib/Data/Int/Interval.lean,167,lemma,Finset.Icc_succ_succ,omega,3,omega
.lake/packages/mathlib/Mathlib/Data/Int/Interval.lean,173,lemma,Finset.Ico_succ_succ,omega,3,omega
.lake/packages/mathlib/Mathlib/Data/Int/Init.lean,134,theorem,leInduction_add_one,rfl,2,rfl
.lake/packages/mathlib/Mathlib/Data/Int/Init.lean,153,theorem,leInductionDown_sub_one,rfl,2,rfl
.lake/packages/mathlib/Mathlib/Data/List/Zip.lean,30,theorem,zip_swap,rfl,2,rfl
.lake/packages/mathlib/Mathlib/Data/List/Infix.lean,315,theorem,insert_eq_ite,rfl,2,rfl
.lake/packages/mathlib/Mathlib/Data/List/OfFn.lean,108,lemma,getLast_ofFn_succ,rfl,2,rfl
.lake/packages/mathlib/Mathlib/Data/List/Lattice.lean,102,theorem,mem_of_mem_inter_left,rfl,2,rfl
.lake/packages/mathlib/Mathlib/Data/List/Intervals.lean,91,theorem,eq_cons,rfl,2,rfl
.lake/packages/mathlib/Mathlib/Data/List/Sym.lean,199,theorem,sym2_eq_sym_two,rfl,5,rfl
.lake/packages/mathlib/Mathlib/Data/Set/Prod.lean,333,theorem,prod_eq_iff_eq,rfl,3,rfl
.lake/packages/mathlib/Mathlib/Data/Set/PowersetCard.lean,68,theorem,exists_mem_notMem_iff_ne,rfl,3,rfl
.lake/packages/mathlib/Mathlib/Data/Set/PowersetCard.lean,81,lemma,mem_map_iff_mem_range,rfl,2,rfl
.lake/packages/mathlib/Mathlib/Data/PNat/Xgcd.lean,201,theorem,finish_isReduced,rfl,2,rfl
.lake/packages/mathlib/Mathlib/Data/PNat/Xgcd.lean,205,theorem,finish_isSpecial,ring,3,ring
.lake/packages/mathlib/Mathlib/Data/PNat/Xgcd.lean,234,theorem,step_isSpecial,ring,3,ring
.lake/packages/mathlib/Mathlib/Data/PNat/Factors.lean,85,theorem,coePNat_nat,rfl,3,rfl
.lake/packages/mathlib/Mathlib/Data/PNat/Basic.lean,202,theorem,lt_add_right,rfl,5,rfl
.lake/packages/mathlib/Mathlib/Data/Multiset/Fintype.lean,108,theorem,toEnumFinset_subset_iff,rfl,3,rfl
.lake/packages/mathlib/Mathlib/Data/Multiset/Fintype.lean,191,theorem,prod_toEnumFinset,rfl,4,rfl
.lake/packages/mathlib/Mathlib/Data/Multiset/Fintype.lean,238,lemma,consEquiv_symm_none,rfl,2,rfl
.lake/packages/mathlib/Mathlib/Data/Multiset/Count.lean,119,theorem,coe_count,rfl,2,rfl
.lake/packages/mathlib/Mathlib/Data/Multiset/Bind.lean,99,theorem,coe_bind,rfl,2,rfl
.lake/packages/mathlib/Mathlib/Data/Multiset/Pi.lean,60,theorem,cons_map,rfl,4,rfl
.lake/packages/mathlib/Mathlib/Data/Multiset/NatAntidiagonal.lean,51,theorem,antidiagonal_succ_succ',rfl,2,rfl
.lake/packages/mathlib/Mathlib/Data/Vector/Defs.lean,208,theorem,toList_append,rfl,2,rfl
.lake/packages/mathlib/Mathlib/Data/Vector/Defs.lean,219,theorem,toList_take,rfl,2,rfl
.lake/packages/mathlib/Mathlib/Data/Matrix/Reflection.lean,84,example,example@L84,rfl,2,rfl
.lake/packages/mathlib/Mathlib/Data/Matrix/Reflection.lean,100,example,example@L100,rfl,2,rfl
.lake/packages/mathlib/Mathlib/Data/Matrix/Reflection.lean,118,example,example@L118,rfl,2,rfl
.lake/packages/mathlib/Mathlib/Data/Matrix/Reflection.lean,134,example,example@L134,rfl,3,rfl
.lake/packages/mathlib/Mathlib/Data/Matrix/Basic.lean,281,lemma,entryAddMonoidHom_eq_comp,rfl,1,rfl
.lake/packages/mathlib/Mathlib/Data/Matrix/Basic.lean,311,lemma,entryLinearMap_eq_comp,rfl,1,rfl
.lake/packages/mathlib/Mathlib/Data/Matrix/Basic.lean,524,theorem,mapMatrix_refl,rfl,1,rfl
.lake/packages/mathlib/Mathlib/Data/EReal/Basic.lean,375,theorem,coe_toReal,rfl,2,rfl
.lake/packages/mathlib/Mathlib/Data/EReal/Basic.lean,415,lemma,image_coe_Icc,rfl,3,rfl
.lake/packages/mathlib/Mathlib/Data/EReal/Basic.lean,421,lemma,image_coe_Ico,rfl,3,rfl
.lake/packages/mathlib/Mathlib/Data/EReal/Basic.lean,427,lemma,image_coe_Ici,rfl,3,rfl
.lake/packages/mathlib/Mathlib/Data/EReal/Basic.lean,433,lemma,image_coe_Ioc,rfl,3,rfl
.lake/packages/mathlib/Mathlib/Data/EReal/Basic.lean,439,lemma,image_coe_Ioo,rfl,3,rfl
.lake/packages/mathlib/Mathlib/Data/EReal/Basic.lean,445,lemma,image_coe_Ioi,rfl,3,rfl
.lake/packages/mathlib/Mathlib/Data/EReal/Basic.lean,451,lemma,image_coe_Iic,rfl,3,rfl
.lake/packages/mathlib/Mathlib/Data/EReal/Basic.lean,457,lemma,image_coe_Iio,rfl,3,rfl
.lake/packages/mathlib/Mathlib/Data/EReal/Basic.lean,546,theorem,toReal_coe_ennreal,rfl,2,rfl
.lake/packages/mathlib/Mathlib/Data/EReal/Operations.lean,68,theorem,add_top_iff_ne_bot,rfl,3,rfl
.lake/packages/mathlib/Mathlib/Data/EReal/Operations.lean,368,theorem,toReal_sub,rfl,3,rfl
.lake/packages/mathlib/Mathlib/Data/EReal/Operations.lean,723,lemma,mul_ne_top,rfl,3,rfl
.lake/packages/mathlib/Mathlib/Data/EReal/Operations.lean,737,lemma,mul_ne_bot,rfl,3,rfl
.lake/packages/mathlib/Mathlib/Data/QPF/Multivariate/Basic.lean,40,theorem,comp_map,rfl,2,rfl
.lake/packages/mathlib/Mathlib/Data/QPF/Multivariate/Basic.lean,162,theorem,supp_map,rfl,3,rfl
.lake/packages/mathlib/Mathlib/Data/QPF/Univariate/Basic.lean,28,theorem,id_map,rfl,4,rfl
.lake/packages/mathlib/Mathlib/Data/QPF/Univariate/Basic.lean,34,theorem,comp_map,rfl,3,rfl
.lake/packages/mathlib/Mathlib/Data/QPF/Univariate/Basic.lean,99,theorem,recF_eq,rfl,2,rfl
.lake/packages/mathlib/Mathlib/Data/Fin/Tuple/NatAntidiagonal.lean,92,theorem,antidiagonalTuple_two,rfl,4,rfl
.lake/packages/mathlib/Mathlib/Data/PFunctor/Multivariate/Basic.lean,86,theorem,const.get_map,rfl,2,rfl
.lake/packages/mathlib/Mathlib/Data/PFunctor/Multivariate/Basic.lean,116,theorem,comp.get_map,rfl,1,rfl
.lake/packages/mathlib/Mathlib/Data/PFunctor/Multivariate/Basic.lean,121,theorem,comp.get_mk,rfl,1,rfl
.lake/packages/mathlib/Mathlib/Data/PFunctor/Multivariate/Basic.lean,125,theorem,comp.mk_get,rfl,1,rfl
.lake/packages/mathlib/Mathlib/Data/PFunctor/Univariate/Basic.lean,144,theorem,fst_map,rfl,3,rfl
.lake/packages/mathlib/Mathlib/Data/PFunctor/Univariate/M.lean,310,theorem,casesOn_mk,rfl,4,rfl
.lake/packages/mathlib/Mathlib/Data/Finset/Lattice/Fold.lean,201,theorem,sup_toFinset,rfl,3,rfl
.lake/packages/mathlib/Mathlib/Data/Finset/Lattice/Fold.lean,627,lemma,sup'_comp_eq_image,rfl,2,rfl
.lake/packages/mathlib/Mathlib/Data/Nat/Choose/Basic.lean,20,theorem,choose_zero_right,rfl,2,rfl
.lake/packages/mathlib/Mathlib/Data/Nat/Choose/Basic.lean,38,theorem,choose_succ_right,rfl,2,rfl
.lake/packages/mathlib/Mathlib/Data/Nat/Choose/Multinomial.lean,109,theorem,binomial_succ_succ,ring,5,ring
.lake/packages/mathlib/Mathlib/Data/Nat/Choose/Multinomial.lean,134,theorem,multinomial_univ_three,rfl,2,rfl
.lake/packages/mathlib/Mathlib/Data/Nat/Cast/Defs.lean,114,theorem,cast_four,decide,3,decide
.lake/packages/mathlib/Mathlib/Data/Nat/Cast/Defs.lean,138,theorem,two_add_one_eq_three,decide,3,decide
.lake/packages/mathlib/Mathlib/Data/Nat/Cast/Defs.lean,143,theorem,three_add_one_eq_four,decide,4,decide
.lake/packages/mathlib/Mathlib/Data/Nat/Factorization/PrimePow.lean,158,lemma,Nat.Primes.prodNatEquiv_apply,rfl,1,rfl
.lake/packages/mathlib/Mathlib/Data/Nat/Factorization/Basic.lean,143,theorem,factorization_prime_le_iff_dvd,rfl,4,rfl
.lake/packages/mathlib/Mathlib/Data/Nat/Digits/Lemmas.lean,99,theorem,digits_append_zeroes_append_digits,ring,3,ring
.lake/packages/mathlib/Mathlib/Data/Nat/Digits/Defs.lean,123,theorem,ofDigits_nil,ring,5,ring
.lake/packages/mathlib/Mathlib/Data/Nat/Digits/Defs.lean,260,theorem,digits.injective,ring,5,ring
.lake/packages/mathlib/Mathlib/Data/Nat/Fib/Basic.lean,114,theorem,fib_two_mul,ring,5,ring
.lake/packages/mathlib/Mathlib/Data/Nat/Fib/Basic.lean,121,theorem,fib_two_mul_add_one,ring,2,ring
.lake/packages/mathlib/Mathlib/Data/Nat/Fib/Basic.lean,125,theorem,fib_two_mul_add_two,ring,5,ring
.lake/packages/mathlib/Mathlib/Data/Nat/Prime/Basic.lean,31,theorem,Prime.eq_two_or_odd,decide,3,decide +revert
.lake/packages/mathlib/Mathlib/Data/Set/Lattice/Disjoint.lean,112,lemma,coe_unionEqSigmaOfDisjoint_symm_apply,rfl,1,rfl
.lake/packages/mathlib/Mathlib/Data/Set/Lattice/Disjoint.lean,118,lemma,coe_snd_unionEqSigmaOfDisjoint,rfl,2,rfl
.lake/packages/mathlib/Mathlib/Data/Set/Pairwise/Lattice.lean,140,lemma,coe_biUnionEqSigmaOfDisjoint_symm_apply,rfl,1,rfl
.lake/packages/mathlib/Mathlib/Control/Bitraversable/Lemmas.lean,61,theorem,comp_tsnd,rfl,3,rfl
.lake/packages/mathlib/Mathlib/Computability/TuringMachine/Tape.lean,197,theorem,ListBlank.nth_mk,rfl,3,rfl
.lake/packages/mathlib/Mathlib/Computability/TuringMachine/Tape.lean,208,theorem,ListBlank.nth_succ,rfl,3,rfl
.lake/packages/mathlib/Mathlib/Computability/TuringMachine/Tape.lean,284,theorem,ListBlank.map_mk,rfl,3,rfl
.lake/packages/mathlib/Mathlib/Computability/TuringMachine/Tape.lean,296,theorem,ListBlank.tail_map,rfl,3,rfl
.lake/packages/mathlib/Mathlib/Algebra/CharZero/Quotient.lean,41,theorem,nsmul_mem_zmultiples_iff_exists_sub_div,rfl,3,rfl
.lake/packages/mathlib/Mathlib/Algebra/CharZero/Quotient.lean,60,theorem,zmultiples_nsmul_eq_nsmul_iff,rfl,3,rfl
.lake/packages/mathlib/Mathlib/Algebra/Order/Round.lean,157,theorem,round_eq_iff,norm_num,1,"norm_num [round_eq, floor_eq_iff, ← lt_sub_iff_add_lt, add_sub_assoc]"
.lake/packages/mathlib/Mathlib/Algebra/Order/ToIntervalMod.lean,1339,theorem,toIcoMod_eq_add_fract_mul,ring,3,ring
.lake/packages/mathlib/Mathlib/Algebra/Order/ToIntervalMod.lean,1348,theorem,toIocMod_eq_sub_fract_mul,ring,3,ring
.lake/packages/mathlib/Mathlib/Algebra/Order/UpperLower.lean,210,theorem,upperClosure_one,rfl,3,rfl
.lake/packages/mathlib/Mathlib/Algebra/Order/UpperLower.lean,233,theorem,mul_lowerClosure,rfl,3,rfl
.lake/packages/mathlib/Mathlib/Algebra/DirectSum/Module.lean,113,theorem,linearMap_ext,rfl,1,rfl
.lake/packages/mathlib/Mathlib/Algebra/DirectSum/Ring.lean,401,theorem,of_intCast,rfl,1,rfl
.lake/packages/mathlib/Mathlib/Algebra/DirectSum/Basic.lean,200,theorem,toAddMonoid_of,rfl,5,rfl
.lake/packages/mathlib/Mathlib/Algebra/DirectSum/Basic.lean,211,lemma,toAddMonoid_injective,rfl,2,rfl
.lake/packages/mathlib/Mathlib/Algebra/DirectSum/Finsupp.lean,32,theorem,finsuppLEquivDirectSum_single,rfl,1,rfl
.lake/packages/mathlib/Mathlib/Algebra/DirectSum/Finsupp.lean,42,theorem,finsuppLEquivDirectSum_symm_lof,rfl,2,rfl
.lake/packages/mathlib/Mathlib/Algebra/QuadraticAlgebra/Basic.lean,255,theorem,norm_star,ring,3,ring
.lake/packages/mathlib/Mathlib/Algebra/Group/ModEq.lean,27,theorem,modEq_iff_nsmul,rfl,1,rfl
.lake/packages/mathlib/Mathlib/Algebra/Group/Conj.lean,252,theorem,mem_carrier_mk,rfl,5,rfl
.lake/packages/mathlib/Mathlib/Algebra/MvPolynomial/Eval.lean,35,theorem,eval,rfl,2,rfl
.lake/packages/mathlib/Mathlib/Algebra/MvPolynomial/Eval.lean,156,theorem,map_eval,rfl,2,rfl
.lake/packages/mathlib/Mathlib/Algebra/MvPolynomial/Eval.lean,580,theorem,map_aeval,rfl,2,rfl
.lake/packages/mathlib/Mathlib/Algebra/MvPolynomial/Monad.lean,178,theorem,map_bind,rfl,2,rfl
.lake/packages/mathlib/Mathlib/Algebra/MvPolynomial/Basic.lean,380,theorem,linearMap_ext,rfl,2,rfl
.lake/packages/mathlib/Mathlib/Algebra/MvPolynomial/Basic.lean,678,theorem,ne_zero_iff,rfl,3,rfl
.lake/packages/mathlib/Mathlib/Algebra/MvPolynomial/Equiv.lean,233,lemma,aeval_injective_iff_of_isEmpty,rfl,5,rfl
.lake/packages/mathlib/Mathlib/Algebra/BigOperators/Fin.lean,93,theorem,prod_univ_two',rfl,2,rfl
.lake/packages/mathlib/Mathlib/Algebra/BigOperators/Fin.lean,102,theorem,prod_univ_four,rfl,2,rfl
.lake/packages/mathlib/Mathlib/Algebra/BigOperators/Fin.lean,107,theorem,prod_univ_five,rfl,2,rfl
.lake/packages/mathlib/Mathlib/Algebra/BigOperators/Fin.lean,112,theorem,prod_univ_six,rfl,2,rfl
.lake/packages/mathlib/Mathlib/Algebra/BigOperators/Fin.lean,117,theorem,prod_univ_seven,rfl,2,rfl
.lake/packages/mathlib/Mathlib/Algebra/BigOperators/Fin.lean,122,theorem,prod_univ_eight,rfl,2,rfl
.lake/packages/mathlib/Mathlib/Algebra/BigOperators/Fin.lean,444,theorem,partialProd_succ',rfl,2,rfl
.lake/packages/mathlib/Mathlib/Algebra/BigOperators/NatAntidiagonal.lean,26,theorem,prod_antidiagonal_swap,rfl,2,rfl
.lake/packages/mathlib/Mathlib/Algebra/BigOperators/NatAntidiagonal.lean,32,theorem,prod_antidiagonal_succ',rfl,2,rfl
.lake/packages/mathlib/Mathlib/Algebra/BigOperators/Intervals.lean,23,theorem,prod_Ico_add',rfl,2,rfl
.lake/packages/mathlib/Mathlib/Algebra/BigOperators/Intervals.lean,222,theorem,prod_Icc_div,omega,2,omega
.lake/packages/mathlib/Mathlib/Algebra/Module/CharacterModule.lean,62,lemma,dual_comp,rfl,2,rfl
.lake/packages/mathlib/Mathlib/Algebra/Star/StarAlgHom.lean,105,theorem,coe_copy,rfl,2,rfl
.lake/packages/mathlib/Mathlib/Algebra/Star/StarAlgHom.lean,330,theorem,coe_copy,rfl,2,rfl
.lake/packages/mathlib/Mathlib/Algebra/Star/NonUnitalSubalgebra.lean,425,theorem,mem_range,rfl,1,rfl
.lake/packages/mathlib/Mathlib/Algebra/Star/StarRingHom.lean,101,theorem,coe_copy,rfl,2,rfl
.lake/packages/mathlib/Mathlib/Algebra/Tropical/BigOperators.lean,26,theorem,Multiset.trop_sum,rfl,3,rfl
.lake/packages/mathlib/Mathlib/Algebra/Tropical/BigOperators.lean,45,theorem,Multiset.untrop_prod,rfl,3,rfl
.lake/packages/mathlib/Mathlib/Algebra/Tropical/BigOperators.lean,71,theorem,Finset.trop_inf,rfl,3,rfl
.lake/packages/mathlib/Mathlib/Algebra/Lie/Subalgebra.lean,557,theorem,ofLe_eq_comap_incl,rfl,3,rfl
.lake/packages/mathlib/Mathlib/Algebra/Lie/Cochain.lean,53,lemma,twoCochain_val_apply,rfl,1,rfl
.lake/packages/mathlib/Mathlib/Algebra/Lie/Cochain.lean,64,lemma,smul_apply_apply,rfl,1,rfl
.lake/packages/mathlib/Mathlib/Algebra/Lie/OfAssociative.lean,315,theorem,toEnd_restrict_eq_toEnd,rfl,1,rfl
.lake/packages/mathlib/Mathlib/Algebra/Lie/Basic.lean,348,theorem,ext,rfl,2,rfl
.lake/packages/mathlib/Mathlib/Algebra/Lie/Basic.lean,678,theorem,ext,rfl,1,rfl
.lake/packages/mathlib/Mathlib/Algebra/Lie/Basic.lean,689,theorem,coe_mk,rfl,1,rfl
.lake/packages/mathlib/Mathlib/Algebra/Lie/Basic.lean,693,theorem,coe_linear_mk,rfl,1,rfl
.lake/packages/mathlib/Mathlib/Algebra/Lie/Ideal.lean,218,theorem,idealRange_eq_lieSpan_range,rfl,3,rfl
.lake/packages/mathlib/Mathlib/Algebra/Lie/Submodule.lean,375,theorem,sup_toSubmodule,rfl,1,rfl
.lake/packages/mathlib/Mathlib/Algebra/Lie/TraceForm.lean,296,lemma,traceForm_eq_of_le_idealizer,rfl,4,rfl
.lake/packages/mathlib/Mathlib/Algebra/Lie/Classical.lean,193,theorem,s_as_blocks,rfl,2,rfl
.lake/packages/mathlib/Mathlib/Algebra/Lie/BaseChange.lean,203,lemma,baseChange_bot,rfl,2,rfl
.lake/packages/mathlib/Mathlib/Algebra/Lie/BaseChange.lean,208,lemma,baseChange_top,rfl,2,rfl
.lake/packages/mathlib/Mathlib/Algebra/Colimit/DirectLimit.lean,50,lemma,map,rfl,1,rfl
.lake/packages/mathlib/Mathlib/Algebra/SkewMonoidAlgebra/Support.lean,120,theorem,mem_span_support,rfl,5,rfl
.lake/packages/mathlib/Mathlib/Algebra/Ring/BooleanRing.lean,146,theorem,sup_comm,ring,2,ring
.lake/packages/mathlib/Mathlib/Algebra/Ring/BooleanRing.lean,150,theorem,inf_comm,ring,2,ring
.lake/packages/mathlib/Mathlib/Algebra/Ring/BooleanRing.lean,154,theorem,sup_assoc,ring,2,ring
.lake/packages/mathlib/Mathlib/Algebra/Ring/BooleanRing.lean,158,theorem,inf_assoc,ring,2,ring
.lake/packages/mathlib/Mathlib/Algebra/Ring/Identities.lean,14,theorem,sq_add_sq_mul_sq_add_sq,ring,1,ring
.lake/packages/mathlib/Mathlib/Algebra/Ring/Identities.lean,19,theorem,sq_add_mul_sq_mul_sq_add_mul_sq,ring,1,ring
.lake/packages/mathlib/Mathlib/Algebra/Ring/Identities.lean,25,theorem,pow_four_add_four_mul_pow_four,ring,1,ring
.lake/packages/mathlib/Mathlib/Algebra/Ring/Identities.lean,30,theorem,pow_four_add_four_mul_pow_four',ring,1,ring
.lake/packages/mathlib/Mathlib/Algebra/Ring/Identities.lean,35,theorem,sum_four_sq_mul_sum_four_sq,ring,1,ring
.lake/packages/mathlib/Mathlib/Algebra/Ring/Identities.lean,43,theorem,sum_eight_sq_mul_sum_eight_sq,ring,1,ring
.lake/packages/mathlib/Mathlib/Algebra/Vertex/HVertexOperator.lean,123,theorem,coeff_comp,rfl,1,rfl
.lake/packages/mathlib/Mathlib/Algebra/Vertex/VertexOperator.lean,60,theorem,of_coeff_apply_coeff,rfl,1,rfl
.lake/packages/mathlib/Mathlib/Algebra/MonoidAlgebra/Grading.lean,37,theorem,gradeBy_id,rfl,2,rfl
.lake/packages/mathlib/Mathlib/Algebra/Polynomial/Div.lean,477,theorem,finiteMultiplicity_X_sub_C,decide,4,decide
.lake/packages/mathlib/Mathlib/Algebra/Polynomial/Derivation.lean,43,theorem,derivation_ext,rfl,1,rfl
.lake/packages/mathlib/Mathlib/Algebra/Polynomial/Derivation.lean,67,lemma,mkDerivation_one_eq_derivative,rfl,2,rfl
.lake/packages/mathlib/Mathlib/Algebra/Polynomial/Smeval.lean,36,theorem,eval_eq_smeval,rfl,2,rfl
.lake/packages/mathlib/Mathlib/Algebra/Polynomial/Expand.lean,250,theorem,map_frobenius_expand,ring,5,ring
.lake/packages/mathlib/Mathlib/Algebra/Polynomial/AlgebraMap.lean,162,theorem,mapAlgHom_eq_eval,rfl,1,rfl
.lake/packages/mathlib/Mathlib/Algebra/Polynomial/AlgebraMap.lean,250,theorem,mapAlg_eq_map,rfl,1,rfl
.lake/packages/mathlib/Mathlib/Algebra/Polynomial/Basic.lean,89,theorem,ofFinsupp_zero,rfl,2,rfl
.lake/packages/mathlib/Mathlib/Algebra/Polynomial/Basic.lean,131,theorem,toFinsupp_zero,rfl,2,rfl
.lake/packages/mathlib/Mathlib/Algebra/Polynomial/Derivative.lean,521,theorem,iterate_derivative_X_add_pow,ring,5,ring
.lake/packages/mathlib/Mathlib/Algebra/Polynomial/Derivative.lean,570,theorem,derivative_comp,ring,5,ring
.lake/packages/mathlib/Mathlib/Algebra/Polynomial/Lifts.lean,38,theorem,lifts_iff_coeff_lifts,rfl,2,rfl
.lake/packages/mathlib/Mathlib/Algebra/Polynomial/Coeff.lean,38,theorem,coeff_smul,rfl,1,rfl
.lake/packages/mathlib/Mathlib/Algebra/Polynomial/Roots.lean,41,theorem,roots_def,rfl,4,rfl
.lake/packages/mathlib/Mathlib/Algebra/Homology/AlternatingConst.lean,17,lemma,up_nat_odd_add,norm_num,2,norm_num
.lake/packages/mathlib/Mathlib/Algebra/Homology/AlternatingConst.lean,21,lemma,down_nat_odd_add,norm_num,2,norm_num
.lake/packages/mathlib/Mathlib/Algebra/Homology/Opposite.lean,23,theorem,imageToKernel_op,rfl,5,rfl
.lake/packages/mathlib/Mathlib/Algebra/Homology/Opposite.lean,231,lemma,quasiIsoAt_unopFunctor_map_iff,rfl,2,rfl
.lake/packages/mathlib/Mathlib/Algebra/Homology/QuasiIso.lean,57,lemma,quasiIsoAt_iff_isIso_homologyMap,rfl,2,rfl
.lake/packages/mathlib/Mathlib/Algebra/Homology/HomologicalComplex.lean,214,theorem,id_f,rfl,2,rfl
.lake/packages/mathlib/Mathlib/Algebra/Homology/Single.lean,67,lemma,single_obj_d,rfl,3,rfl
.lake/packages/mathlib/Mathlib/Algebra/Homology/Single.lean,139,lemma,mkHomToSingle_f,rfl,3,rfl
.lake/packages/mathlib/Mathlib/Algebra/Homology/Single.lean,164,lemma,mkHomFromSingle_f,rfl,3,rfl
.lake/packages/mathlib/Mathlib/Algebra/Homology/Single.lean,304,lemma,toSingle,rfl,1,rfl
.lake/packages/mathlib/Mathlib/Algebra/Homology/TotalComplex.lean,69,lemma,d,rfl,2,rfl
.lake/packages/mathlib/Mathlib/Algebra/Homology/TotalComplex.lean,81,lemma,d,rfl,2,rfl
.lake/packages/mathlib/Mathlib/Algebra/Homology/BifunctorAssociator.lean,101,lemma,example@L101,rfl,2,rfl
.lake/packages/mathlib/Mathlib/Algebra/Homology/BifunctorAssociator.lean,178,lemma,d,rfl,2,rfl
.lake/packages/mathlib/Mathlib/Algebra/Homology/BifunctorAssociator.lean,200,lemma,d,rfl,2,rfl
.lake/packages/mathlib/Mathlib/Algebra/Homology/BifunctorAssociator.lean,221,lemma,d,rfl,2,rfl
.lake/packages/mathlib/Mathlib/Algebra/Homology/BifunctorAssociator.lean,385,lemma,example@L385,rfl,2,rfl
.lake/packages/mathlib/Mathlib/Algebra/Homology/BifunctorAssociator.lean,460,lemma,d,rfl,2,rfl
.lake/packages/mathlib/Mathlib/Algebra/Homology/BifunctorAssociator.lean,481,lemma,d,rfl,2,rfl
.lake/packages/mathlib/Mathlib/Algebra/Homology/BifunctorAssociator.lean,503,lemma,d,rfl,2,rfl
.lake/packages/mathlib/Mathlib/Algebra/Homology/Localization.lean,75,lemma,HomologicalComplexUpToQuasiIso.Q_inverts_homotopyEquivalences,rfl,1,rfl
.lake/packages/mathlib/Mathlib/Algebra/Homology/Functor.lean,69,lemma,quasiIso_iff_evaluation,rfl,2,rfl
.lake/packages/mathlib/Mathlib/Algebra/Homology/Homotopy.lean,36,theorem,dNext_eq_dFrom_fromNext,rfl,2,rfl
.lake/packages/mathlib/Mathlib/Algebra/Homology/Homotopy.lean,77,theorem,prevD_eq_toPrev_dTo,rfl,2,rfl
.lake/packages/mathlib/Mathlib/Algebra/Homology/Homotopy.lean,345,theorem,nullHomotopicMap'_f,rfl,4,rfl
.lake/packages/mathlib/Mathlib/Algebra/Homology/Homotopy.lean,362,theorem,nullHomotopicMap'_f_of_not_rel_left,rfl,4,rfl
.lake/packages/mathlib/Mathlib/Algebra/Homology/Homotopy.lean,379,theorem,nullHomotopicMap'_f_of_not_rel_right,rfl,4,rfl
.lake/packages/mathlib/Mathlib/Algebra/Algebra/RestrictScalars.lean,85,theorem,RestrictScalars.smul_def,rfl,2,rfl
.lake/packages/mathlib/Mathlib/Algebra/Algebra/NonUnitalHom.lean,147,theorem,ext,rfl,1,rfl
.lake/packages/mathlib/Mathlib/Algebra/Algebra/NonUnitalHom.lean,189,theorem,coe_distribMulActionHom_mk,rfl,1,rfl
.lake/packages/mathlib/Mathlib/Algebra/Algebra/NonUnitalHom.lean,194,theorem,coe_mulHom_mk,rfl,1,rfl
.lake/packages/mathlib/Mathlib/Algebra/Algebra/NonUnitalHom.lean,331,theorem,coe_prod,rfl,1,rfl
.lake/packages/mathlib/Mathlib/Algebra/Algebra/NonUnitalHom.lean,339,theorem,snd_prod,rfl,1,rfl
.lake/packages/mathlib/Mathlib/Algebra/Order/Monoid/Units.lean,24,theorem,val_lt_val,rfl,2,rfl
.lake/packages/mathlib/Mathlib/Algebra/Order/Monoid/Units.lean,46,theorem,min_val,rfl,2,rfl
.lake/packages/mathlib/Mathlib/Algebra/Order/Hom/Monoid.lean,207,theorem,ext,rfl,2,rfl
.lake/packages/mathlib/Mathlib/Algebra/Order/Hom/Ring.lean,297,theorem,coe_toRingEquiv,rfl,1,rfl
.lake/packages/mathlib/Mathlib/Algebra/Order/Hom/MonoidWithZero.lean,189,theorem,mul_apply,rfl,1,rfl
.lake/packages/mathlib/Mathlib/Algebra/Order/Hom/MonoidWithZero.lean,210,theorem,ofClass_mk,rfl,1,rfl
.lake/packages/mathlib/Mathlib/Algebra/Order/Group/OrderIso.lean,78,theorem,OrderIso.mulRight_symm,rfl,2,rfl
.lake/packages/mathlib/Mathlib/Algebra/Order/Group/OrderIso.lean,102,theorem,OrderIso.mulLeft_symm,rfl,2,rfl
.lake/packages/mathlib/Mathlib/Algebra/Order/Module/PositiveLinearMap.lean,149,lemma,toLinearMap_add,rfl,1,rfl
.lake/packages/mathlib/Mathlib/Algebra/Order/AbsoluteValue/Basic.lean,325,lemma,not_isNontrivial_iff,rfl,3,rfl
.lake/packages/mathlib/Mathlib/Algebra/Order/Ring/StandardPart.lean,148,theorem,mk_le_mk,rfl,3,rfl
.lake/packages/mathlib/Mathlib/Algebra/Order/Ring/StandardPart.lean,153,theorem,mk_lt_mk,rfl,3,rfl
.lake/packages/mathlib/Mathlib/Algebra/Category/Grp/Colimits.lean,96,lemma,quotToQuotUlift_,rfl,5,rfl
.lake/packages/mathlib/Mathlib/Algebra/Category/Grp/Colimits.lean,115,lemma,quotUliftToQuot_,rfl,5,rfl
.lake/packages/mathlib/Mathlib/Algebra/Category/Grp/Images.lean,40,theorem,image.fac,rfl,2,rfl
.lake/packages/mathlib/Mathlib/Algebra/Category/Grp/Images.lean,71,theorem,image.lift_fac,rfl,4,rfl
.lake/packages/mathlib/Mathlib/Algebra/Category/ModuleCat/Presheaf.lean,85,lemma,hom_ext,rfl,1,rfl
.lake/packages/mathlib/Mathlib/Algebra/Category/ModuleCat/Presheaf.lean,93,lemma,comp_app,rfl,1,rfl
.lake/packages/mathlib/Mathlib/Algebra/Category/ModuleCat/Presheaf.lean,244,lemma,zsmul_app,rfl,4,rfl
.lake/packages/mathlib/Mathlib/Algebra/Category/ModuleCat/ChangeOfRings.lean,901,lemma,extendScalarsComp_hom_app_one_tmul,rfl,2,rfl
.lake/packages/mathlib/Mathlib/Algebra/Category/ModuleCat/ChangeOfRings.lean,952,lemma,extendScalars_comp_id,rfl,5,rfl
.lake/packages/mathlib/Mathlib/Algebra/Category/ModuleCat/Images.lean,66,theorem,image.lift_fac,rfl,4,rfl
.lake/packages/mathlib/Mathlib/Algebra/Category/CoalgCat/ComonEquivalence.lean,117,theorem,associator_hom_toLinearMap,rfl,4,rfl
.lake/packages/mathlib/Mathlib/Algebra/Category/CoalgCat/ComonEquivalence.lean,144,theorem,comul_tensorObj_tensorObj_right,rfl,5,rfl
.lake/packages/mathlib/Mathlib/Algebra/Category/CoalgCat/ComonEquivalence.lean,157,theorem,comul_tensorObj_tensorObj_left,rfl,4,rfl
.lake/packages/mathlib/Mathlib/Algebra/Category/CoalgCat/ComonEquivalence.lean,167,theorem,counit_tensorObj,rfl,3,rfl
.lake/packages/mathlib/Mathlib/Algebra/Category/CoalgCat/ComonEquivalence.lean,175,theorem,counit_tensorObj_tensorObj_right,rfl,3,rfl
.lake/packages/mathlib/Mathlib/Algebra/Category/CoalgCat/ComonEquivalence.lean,184,theorem,counit_tensorObj_tensorObj_left,rfl,3,rfl
.lake/packages/mathlib/Mathlib/Algebra/Category/MonCat/Colimits.lean,109,theorem,cocone_naturality_components,rfl,2,rfl
.lake/packages/mathlib/Mathlib/Algebra/Category/ModuleCat/Presheaf/Monoidal.lean,157,lemma,whiskerRight_app,rfl,1,rfl
.lake/packages/mathlib/Mathlib/Algebra/Category/ModuleCat/Presheaf/Monoidal.lean,183,lemma,rightUnitor_inv_app,rfl,1,rfl
.lake/packages/mathlib/Mathlib/Algebra/Category/ModuleCat/Presheaf/Sheafification.lean,91,lemma,toSheaf_map_sheafificationHomEquiv_symm,rfl,4,rfl
.lake/packages/mathlib/Mathlib/Algebra/Category/ModuleCat/Presheaf/Submodule.lean,36,lemma,map_mem,rfl,1,rfl
.lake/packages/mathlib/Mathlib/Algebra/Category/ModuleCat/Monoidal/Basic.lean,49,theorem,id_tensorHom_id,rfl,3,rfl
.lake/packages/mathlib/Mathlib/Algebra/Category/ModuleCat/Monoidal/Basic.lean,56,theorem,tensorHom_comp_tensorHom,rfl,3,rfl
.lake/packages/mathlib/Mathlib/Algebra/Category/ModuleCat/Monoidal/Basic.lean,88,theorem,associator_naturality,rfl,4,rfl
.lake/packages/mathlib/Mathlib/Algebra/Category/ModuleCat/Monoidal/Basic.lean,97,theorem,pentagon,rfl,4,rfl
.lake/packages/mathlib/Mathlib/Algebra/Category/ModuleCat/Monoidal/Symmetric.lean,26,theorem,braiding_naturality,rfl,4,rfl
.lake/packages/mathlib/Mathlib/Algebra/Category/ModuleCat/Monoidal/Symmetric.lean,46,theorem,hexagon_forward,rfl,4,rfl
.lake/packages/mathlib/Mathlib/Algebra/Category/ModuleCat/Monoidal/Symmetric.lean,55,theorem,hexagon_reverse,rfl,5,rfl
.lake/packages/mathlib/Mathlib/Algebra/Category/ModuleCat/Sheaf/Submodule.lean,35,lemma,ext,rfl,4,rfl
.lake/packages/mathlib/Mathlib/Algebra/Category/ModuleCat/Sheaf/PullbackFree.lean,46,lemma,unitToPushforwardObjUnit_val_app_apply,rfl,4,rfl
.lake/packages/mathlib/Mathlib/Algebra/Group/UniqueProds/Basic.lean,46,theorem,mt,rfl,5,rfl
.lake/packages/mathlib/Mathlib/Algebra/Group/Submonoid/Operations.lean,1016,theorem,coe_submonoidMap_apply,rfl,2,rfl
.lake/packages/mathlib/Mathlib/Algebra/Group/Action/Units.lean,67,example,example@L67,rfl,3,rfl
.lake/packages/mathlib/Mathlib/Algebra/Group/Action/Units.lean,75,lemma,smul_eq_mul,rfl,2,rfl
.lake/packages/mathlib/Mathlib/Algebra/Group/Subgroup/Map.lean,36,theorem,coe_comap,rfl,2,rfl
.lake/packages/mathlib/Mathlib/Algebra/Group/Subgroup/Map.lean,501,theorem,map_closure,rfl,2,rfl
.lake/packages/mathlib/Mathlib/Algebra/Group/Subgroup/Defs.lean,184,lemma,subtype_apply,rfl,1,rfl
.lake/packages/mathlib/Mathlib/Algebra/Group/Subgroup/Defs.lean,199,theorem,coe_pow,rfl,2,rfl
.lake/packages/mathlib/Mathlib/Algebra/Group/Subgroup/Defs.lean,218,theorem,inclusion_mk,rfl,2,rfl
.lake/packages/mathlib/Mathlib/Algebra/Group/Subgroup/Defs.lean,229,theorem,inclusion_inclusion,rfl,2,rfl
.lake/packages/mathlib/Mathlib/Algebra/Group/Action/Pointwise/Set/Basic.lean,52,theorem,image_op_smul,rfl,2,rfl
.lake/packages/mathlib/Mathlib/Algebra/Group/Pointwise/Finset/Basic.lean,815,lemma,inter_pow_subset,rfl,2,rfl
.lake/packages/mathlib/Mathlib/Algebra/BigOperators/Finsupp/Basic.lean,212,theorem,MonoidHom.coe_finsuppProd,rfl,4,rfl
.lake/packages/mathlib/Mathlib/Algebra/BigOperators/Group/Finset/Basic.lean,104,theorem,prod_disjUnion,rfl,3,rfl
.lake/packages/mathlib/Mathlib/Algebra/BigOperators/Group/Finset/Basic.lean,186,theorem,prod_subset,rfl,2,rfl
.lake/packages/mathlib/Mathlib/Algebra/BigOperators/Group/Finset/Basic.lean,663,theorem,prod_partition,rfl,2,rfl
.lake/packages/mathlib/Mathlib/Algebra/Module/LocalizedModule/Basic.lean,874,theorem,is_universal,rfl,2,rfl
.lake/packages/mathlib/Mathlib/Algebra/Module/LocalizedModule/Basic.lean,1130,lemma,map_comp,rfl,4,rfl
.lake/packages/mathlib/Mathlib/Algebra/Module/Submodule/Bilinear.lean,108,theorem,map,rfl,2,rfl
.lake/packages/mathlib/Mathlib/Algebra/Module/Submodule/Bilinear.lean,130,theorem,map,rfl,2,rfl
.lake/packages/mathlib/Mathlib/Algebra/Module/Submodule/Bilinear.lean,153,theorem,map,rfl,2,rfl
.lake/packages/mathlib/Mathlib/Algebra/Module/Submodule/Pointwise.lean,394,theorem,mem_stabilizer_submodule_iff_map_eq,rfl,1,rfl
.lake/packages/mathlib/Mathlib/Algebra/Module/Submodule/Equiv.lean,56,theorem,ofSubmodules_apply,rfl,2,rfl
.lake/packages/mathlib/Mathlib/Algebra/Module/Equiv/Basic.lean,266,theorem,coe_toIntLinearEquiv,rfl,2,rfl
.lake/packages/mathlib/Mathlib/Algebra/Module/LinearMap/Defs.lean,212,theorem,id_apply,rfl,3,rfl
.lake/packages/mathlib/Mathlib/Algebra/Module/LinearMap/Polynomial.lean,146,lemma,toMvPolynomial_comp,rfl,2,rfl
.lake/packages/mathlib/Mathlib/Algebra/Module/Presentation/DirectSum.lean,101,lemma,directSum_var,rfl,4,rfl
.lake/packages/mathlib/Mathlib/Algebra/Module/ZLattice/Basic.lean,51,theorem,mem_fundamentalDomain,rfl,4,rfl
.lake/packages/mathlib/Mathlib/Algebra/Module/ZLattice/Basic.lean,335,theorem,volume_fundamentalDomain,rfl,4,rfl
.lake/packages/mathlib/Mathlib/Algebra/Module/ZLattice/Covolume.lean,85,theorem,covolume_eq_det_inv,rfl,5,rfl
.lake/packages/mathlib/Mathlib/Algebra/GroupWithZero/Units/Basic.lean,197,theorem,mk0_one,rfl,2,rfl
.lake/packages/mathlib/Mathlib/Algebra/Lie/Derivation/Killing.lean,27,lemma,killingForm_restrict_range_ad,rfl,2,rfl
.lake/packages/mathlib/Mathlib/Algebra/Lie/Weights/Basic.lean,389,lemma,mem_posFittingComp,rfl,1,rfl
.lake/packages/mathlib/Mathlib/Algebra/Lie/Weights/RootSystem.lean,407,lemma,corootForm_rootSystem_eq_killing,rfl,2,rfl
.lake/packages/mathlib/Mathlib/Algebra/Ring/Hom/Defs.lean,196,theorem,zero_comp,rfl,2,rfl
.lake/packages/mathlib/Mathlib/Algebra/Ring/Hom/Defs.lean,318,theorem,coe_mk,rfl,1,rfl
.lake/packages/mathlib/Mathlib/Algebra/Ring/Hom/Defs.lean,560,theorem,coe_fn_mkRingHomOfMulSelfOfTwoNeZero,rfl,2,rfl
.lake/packages/mathlib/Mathlib/Algebra/Polynomial/Module/Basic.lean,132,theorem,lsingle_apply,rfl,1,rfl
.lake/packages/mathlib/Mathlib/Algebra/Polynomial/Module/Basic.lean,350,theorem,comp_single,rfl,2,rfl
.lake/packages/mathlib/Mathlib/Algebra/Polynomial/Module/Basic.lean,364,theorem,comp_smul,rfl,2,rfl
.lake/packages/mathlib/Mathlib/Algebra/Polynomial/Degree/TrailingDegree.lean,145,theorem,natTrailingDegree_le_natTrailingDegree,rfl,2,rfl
.lake/packages/mathlib/Mathlib/Algebra/Polynomial/Degree/TrailingDegree.lean,154,theorem,natTrailingDegree_monomial,rfl,2,rfl
.lake/packages/mathlib/Mathlib/Algebra/Polynomial/Degree/SmallDegree.lean,95,theorem,degree_quadratic,rfl,3,rfl
.lake/packages/mathlib/Mathlib/Algebra/Polynomial/Degree/SmallDegree.lean,124,theorem,degree_cubic,rfl,4,rfl
.lake/packages/mathlib/Mathlib/Algebra/Polynomial/Eval/Defs.lean,101,theorem,eval,rfl,2,rfl
.lake/packages/mathlib/Mathlib/Algebra/Polynomial/Eval/Defs.lean,210,theorem,eval,rfl,2,rfl
.lake/packages/mathlib/Mathlib/Algebra/Homology/SpectralObject/SpectralSequence.lean,350,lemma,fac,rfl,2,rfl
.lake/packages/mathlib/Mathlib/Algebra/Homology/SpectralObject/EpiMono.lean,145,lemma,mapFour,rfl,2,rfl
.lake/packages/mathlib/Mathlib/Algebra/Homology/SpectralObject/FirstPage.lean,62,lemma,spectralSequenceFirstPageXIso_hom,rfl,3,rfl
.lake/packages/mathlib/Mathlib/Algebra/Homology/SpectralObject/FirstPage.lean,75,lemma,spectralSequenceFirstPageXIso_inv,rfl,3,rfl
.lake/packages/mathlib/Mathlib/Algebra/Homology/SpectralObject/Page.lean,94,lemma,map_id,rfl,3,rfl
.lake/packages/mathlib/Mathlib/Algebra/Homology/Embedding/AreComplementary.lean,87,lemma,desc.aux_trans,rfl,2,rfl
.lake/packages/mathlib/Mathlib/Algebra/Homology/Embedding/AreComplementary.lean,97,lemma,desc'_inl,rfl,3,rfl
.lake/packages/mathlib/Mathlib/Algebra/Homology/Embedding/AreComplementary.lean,112,lemma,desc_inr,rfl,3,rfl
.lake/packages/mathlib/Mathlib/Algebra/Homology/Embedding/Extend.lean,90,lemma,mapX_some,rfl,4,rfl
.lake/packages/mathlib/Mathlib/Algebra/Homology/Embedding/Extend.lean,189,lemma,extendMap_f,rfl,3,rfl
.lake/packages/mathlib/Mathlib/Algebra/Homology/ShortComplex/HomologicalComplex.lean,754,lemma,homologyMap_neg,rfl,3,rfl
.lake/packages/mathlib/Mathlib/Algebra/Homology/ShortComplex/HomologicalComplex.lean,761,lemma,homologyMap_add,rfl,3,rfl
.lake/packages/mathlib/Mathlib/Algebra/Homology/ShortComplex/HomologicalComplex.lean,768,lemma,homologyMap_sub,rfl,3,rfl
.lake/packages/mathlib/Mathlib/Algebra/Homology/ShortComplex/HomologicalComplex.lean,835,lemma,cyclesIsoSc'_hom_iCycles,rfl,4,rfl
.lake/packages/mathlib/Mathlib/Algebra/Homology/ShortComplex/HomologicalComplex.lean,863,lemma,pOpcycles_opcyclesIsoSc'_inv,rfl,4,rfl
.lake/packages/mathlib/Mathlib/Algebra/Homology/ShortComplex/RightHomology.lean,814,lemma,rightHomologyMap_eq,rfl,4,rfl
.lake/packages/mathlib/Mathlib/Algebra/Homology/ShortComplex/RightHomology.lean,823,lemma,opcyclesMap_eq,rfl,3,rfl
.lake/packages/mathlib/Mathlib/Algebra/Homology/ShortComplex/RightHomology.lean,970,lemma,op_pOpcycles_opcyclesOpIso_hom,rfl,4,rfl
.lake/packages/mathlib/Mathlib/Algebra/Homology/ShortComplex/RightHomology.lean,979,lemma,cyclesOpIso_inv_op_iCycles,rfl,3,rfl
.lake/packages/mathlib/Mathlib/Algebra/Homology/ShortComplex/Ab.lean,23,lemma,ab_zero_apply,rfl,2,rfl
.lake/packages/mathlib/Mathlib/Algebra/Homology/ShortComplex/Ab.lean,52,lemma,abLeftHomologyData_f',rfl,3,rfl
.lake/packages/mathlib/Mathlib/Algebra/Homology/ShortComplex/Ab.lean,76,lemma,exact_iff_surjective_abToCycles,rfl,3,rfl
.lake/packages/mathlib/Mathlib/Algebra/Homology/ShortComplex/ConcreteCategory.lean,25,lemma,ShortComplex.zero_apply,rfl,2,rfl
.lake/packages/mathlib/Mathlib/Algebra/Homology/ShortComplex/ConcreteCategory.lean,74,lemma,exact_iff_exact_map_forget,rfl,2,rfl
.lake/packages/mathlib/Mathlib/Algebra/Homology/ShortComplex/LeftHomology.lean,721,lemma,leftHomologyMap_eq,rfl,4,rfl
.lake/packages/mathlib/Mathlib/Algebra/Homology/ShortComplex/LeftHomology.lean,730,lemma,cyclesMap_eq,rfl,3,rfl
.lake/packages/mathlib/Mathlib/Algebra/Homology/HomotopyCategory/MappingCone.lean,588,lemma,mapHomologicalComplexXIso_eq,rfl,2,rfl
.lake/packages/mathlib/Mathlib/Algebra/Homology/HomotopyCategory/HomComplexShift.lean,75,lemma,leftUnshift_v,rfl,2,rfl
.lake/packages/mathlib/Mathlib/Algebra/Homology/HomotopyCategory/HomComplexShift.lean,87,lemma,shift_v,rfl,2,rfl
.lake/packages/mathlib/Mathlib/Algebra/Homology/HomotopyCategory/HomComplex.lean,351,lemma,diff_v,rfl,3,rfl
.lake/packages/mathlib/Mathlib/Algebra/Homology/DerivedCategory/Ext/ExtClass.lean,74,lemma,extClass_hom,rfl,5,rfl
.lake/packages/mathlib/Mathlib/Algebra/Homology/DerivedCategory/Ext/ExactSequences.lean,35,lemma,preadditiveCoyoneda_homologySequence,rfl,3,rfl
.lake/packages/mathlib/Mathlib/Algebra/Homology/DerivedCategory/Ext/ExactSequences.lean,172,lemma,preadditiveYoneda_homologySequence,rfl,3,rfl
.lake/packages/mathlib/Mathlib/Algebra/Algebra/Subalgebra/Unitization.lean,191,theorem,unitization_apply,rfl,4,rfl
.lake/packages/mathlib/Mathlib/Algebra/ContinuedFractions/Computation/Translations.lean,184,theorem,of_s_head,rfl,3,rfl
